created_at,text
2020-03-13T15:42:04+00:00,"#Coronavirus || Cambia la forma de saludar, no lo hagas de mano, beso o abrazo. As√≠ evitas contagiar o contagiarte de alguna infecci√≥n respiratoria.
¬°La clave en la lucha contra el #Coronavirus es la prevenci√≥n! #Movilnet #LaSe√±alQueNosUne https://t.co/Xm2UYNFpnn"
2020-03-13T15:41:55+00:00,HABEMUS COVID_19
2020-03-13T15:39:45+00:00,CUIDADO ESL CORONAVIRUS NO ES JUEGO en Los Teques https://t.co/ksGnwFvcAe
2020-03-13T15:39:39+00:00,"Le pedimos a la @opsoms que atienda el caso de Venezuela, nos ayude con insumos y dotaciones medica ante el Coronavirus en nuestro pa√≠s. Es importante la uni√≥n de todos para evitar que se propague la enfermedad en todo el territorio nacional. #13Mar"
2020-03-13T15:39:26+00:00,"A partir de √©ste momento, los que hace una semana, compraron todos los tapabocas existentes en las farmacias de San Felipe #Yaracuy, comenzaran a venderlos a precios exorbitantes. #Covid_19"
2020-03-13T15:39:26+00:00,"#13Mar  confirman dos casos de #Covid_19 en #Venezuela. No entremos en p√°nico, ocupemonos por tomar las medidas de prevenci√≥n y estar Informados  de las noticias al d√≠a. https://t.co/Z3aunaDAZM"
2020-03-13T15:37:54+00:00,"#Covid_19 Acaban de informar de 2 casos en Caracas. Tenemos que mantener medidas igienicas y amigos del municipio sucre nos avisan que amanecieron  sin Agua.
Por favor"
2020-03-13T15:36:10+00:00,Gobernadora del estado T√°chira @laidygomezf da declaraciones con relaci√≥n de las acciones que tomar√° el gobiernotachira con relaci√≥n al Coronavirus (Covid19) para la protecci√≥n de toda la colectividad jaiberth26‚Ä¶ https://t.co/dfH0rUAoXR
2020-03-13T15:35:30+00:00,"PSICOSIS NIVEL: Hoy estornud√© y por dos segundos dije ¬øcoronavirus?. 

- ¬°NO CLAUDIA, no tienes coronavirus!"
2020-03-13T15:35:13+00:00,En Venezuela se conforman dos casos de #Covid_19 y se suspenden a partir del pr√≥ximo lunes 16 de Marzo las actividades escolares en todos sus niveles.
2020-03-13T15:34:15+00:00,"Y despu√©s de tanto yo decirlo por esta v√≠a, ten√≠an que esperar que la do√±a hablara en cadena? #COVID2019 que conveniente que ante las marchas por fin digan que si hay #coronavirus en fin, m√°s tiempo en el poder qu√© casualidad!"
2020-03-13T15:33:52+00:00,"@la_patilla Te dicen: ""Eso es mentira de Maduro, aqu√≠ no hay ni test para detectar el coronavirus"".

Y a√±aden ""Y ya hay casos, una t√≠a de un hermano de un primo q trabaja en el hospital tal, dijo q hay 3 pacientes q dieron positivo""

¬øEn qu√© dieron positivo si supuestamente no hay ni test?"
2020-03-13T15:33:43+00:00,En la imagen... #sos #dona #tapabocas #cancer #ni√±os #stopcancer #coronavirus #Barquisimeto #Bqto #Venezuela #voluntariado #lamovidapositiva @movidapositivav #juntospodemoshacermasbien #ActuandoEnPositivo en‚Ä¶ https://t.co/Vltvxna44P
2020-03-13T15:32:57+00:00,"Bueno hermanos venezolanos y Venezuela 
Hay tenemos esta pesadilla y terrible amenaza el coronavirus, YA NO ES MADURO NI GUAIDO,  ES VENEZUELA üáªüá™ üáªüá™ https://t.co/mbYcESde4K"
2020-03-13T15:32:30+00:00,"En la imagen...

#sos #dona #tapabocas #cancer #ni√±os #stopcancer #coronavirus #Barquisimeto #Bqto #Venezuela #voluntariado #lamovidapositiva @movidapositivav #juntospodemoshacermasbien #ActuandoEnPositivo en‚Ä¶ https://t.co/HeaSZM5pR6"
2020-03-13T15:32:14+00:00,A raiz del Coronavirus fue que supe que no sabia lavarme las manos. üòêüò≥
2020-03-13T15:31:40+00:00,Ya est√° aqu√≠ el Coronavirus #coronavirusvenezuela #covid19 #covid19venezuela V√≠deo original de Zorman https://t.co/jrTydv2IRP (sin el obelisco de Altamira ni la bandera) https://t.co/dNeHvHwtiO
2020-03-13T15:30:56+00:00,"Okey todos mis grupos de WhatsApp est√°n hablando del CORONAVIRUS... Entrando en una peque√±a psicosis en 3, 2, 1"
2020-03-13T15:30:47+00:00,Venezuela confirma los dos primeros casos de Covid-19. #coronavirusvenezuela https://t.co/C9CXyS9fMo
2020-03-13T15:29:01+00:00,Salimos del fondo de la tabla y ya sumamos los dos primero casos de Coronavirus en #Venezuela
2020-03-13T15:28:54+00:00,"Suspendida las clases en todos los niveles educativos.
El Coronavirus ya lleg√≥ a Venezuela
#Venezuela #Valencia  #CoronavirusPrevencionYAccion #estadodealarma #13marzo"
2020-03-13T15:28:36+00:00,"#AHORA | Una de las poblaciones m√°s vulnerables de ser impactada por el Coronavirus son los adultos mayores de m√°s de 70 a√±os, en ese sentido se solicita, en la medida de lo posible, se mantengan en sus hogares."
2020-03-13T15:28:12+00:00,Ah√≠ tienen confirmados dos casos de #coronavirusenvzla y lo peor es que las medidas sanitarias en este pa√≠s no funciona. #Covid_19 #Viernes13 #URGENTE #coronavirus
2020-03-13T15:27:34+00:00,"ATENCI√ìN 

#repost @anavescobar
„Éª„Éª„Éª
#URGENTE ‚ö†Ô∏è 2 casos de coronavirus en Venezuela, lo confirma Delcy Rodr√≠guez ‚ö†Ô∏è
.
Se trata de una mujer de 41 a√±os que viaj√≥ a Estados Unidos, Italia y Espa√±a y un hombre de 52‚Ä¶ https://t.co/TC7vcGMkV9"
2020-03-13T15:27:23+00:00,"Es en serio? Estaban esperando a que saliera p√∫blicamente Delcy a hablar paja para saber qu√© existe #CoronaVirus. Hay que ver que existen muchos venezolanos ingenuos. 
Ahora el n√∫mero de casos es una interrogante, Solo nos resta seguir al pie de la letra las medidas preventivas."
2020-03-13T15:26:35+00:00,"1/1 Coronav√≠rus en Venezuela

Seg√∫n la Vicepresidenta Delcy Rodr√≠guez se confirma que la madrugada de este #13Mar fueron detectados dos casos
de #Coronavirus en territorio venezolano.
#Covid_19
#Venezuela"
2020-03-13T15:26:09+00:00,"Confirmados 2 casos de Coronavirus, deben entrar en cuarentena los pasajeros del mismo vuelo, maduro los recibir√° en el palacio de Miraflores con ministros y gobernadores del narcogibierno"
2020-03-13T15:25:53+00:00,"Que Venezuela est√© tan golpeada en todo sentido, y se confirmen los primeros casos de #COVID-19 pues simplemente en mano de Dios. A orar üôè"
2020-03-13T15:24:45+00:00,"Lo de EEUU y el #Covid_19 va a ser brutal.
No hacen pruebas a los ciudadanos, no hay baja por enfermedad, no hay asistencia m√©dica gratuita, no hay control...
Esta crisis va a impactar de lleno en un modelo social neo-liberal despiadado e ineficiente.
Votaron a Trump. https://t.co/z78V2d4o2c https://t.co/g5tjfYlEAE"
2020-03-13T15:24:27+00:00,Amor en tiempos de Coronavirus
2020-03-13T15:23:32+00:00,Conf√≠rman 2 casos de Coronavirus en #venezuela. Lo que no quer√≠amos
2020-03-13T15:23:19+00:00,"Listo! confirmado lo que era inevitable, en un rato ver√°n en los estados de WhatsApp, Mascarillas 3M, acepto zelle y efectivo, transferencias banesco y pago m√≥vil! #Venezuela #Covid_19 #Viernes13"
2020-03-13T15:22:29+00:00,"Una representante del¬†colegio integral El √Åvila, urbanizaci√≥n Terrazas del √Åvila, Caracas, es el primer caso confirmado de coronavirus en Venezuela. El examen que result√≥ positivo fue hecho en el Hospital Cl√≠nico‚Ä¶ https://t.co/iiHkOWQgui"
2020-03-13T15:21:13+00:00,En este momento alg√∫n compositor maracucho forzado debe de estar componiendo una gaita al Coronavirus.
2020-03-13T15:20:04+00:00,"#üÖΩüÖæüÜÉüÖ∏üÜÖüÖ∏üÜÇüÖ∏üÖæüÖΩ365 || üö® #almomento Confirman primer caso de coronavirus en Venezuela.
.
En desarrollo...
.
.
.
#13Mar #13mar #caracas #coronavir√ºs√º #coronavirusitalianews #coronavirusitaly #coronavirusespa√±a‚Ä¶ https://t.co/XLgUP1m72k"
2020-03-13T15:18:57+00:00,Lo preocupante de la cuesti√≥n es que los dos casos de coronavirus llegaron del exterior en un vuelo comercial. Los dem√°s pasajeros tal vez andan por ah√≠ como si nada. Yo dependo del metro a diario. Estoy: cagado.
2020-03-13T15:18:23+00:00,El CoronaVirus es Viral #Covid_19 #Viernes13 #coronavirusvenezuela
2020-03-13T15:18:21+00:00,https://t.co/SUyyOTnzcG Recomendaciones ante la Pandemia mundial de Covid-19 con @diservet .
2020-03-13T15:17:51+00:00,"Ahora que si hay coronavirus, cuando se vayan a lavar las manos, en vez de cantar la canci√≥n de cumplea√±os y esperar un poquito, canten la de Tommy tipi, esa si dura los 20 segundos, lo acabo de comprobar 

S√≠ganme para mas consejos"
2020-03-13T15:16:17+00:00,Les sorprende que confirmaron casos de Coronavirus aqu√≠? A m√≠ no.
2020-03-13T15:14:35+00:00,"#Venezuela
√öLTIMA HORA |  11:00 AM Vicepresidenta Delcy Rodr√≠guez confirma 2 casos de Coronavirus en #Venezuela

-Una ciudadana de 41 a√±os que estuvo en EEUU, Italia y Espa√±a. 

-Ciudadano de 52 a√±os que estuvo en Espa√±a. https://t.co/eI4nXwFgHb"
2020-03-13T15:12:21+00:00,Socialismo pa donde el mundo con el #coronavirus
2020-03-13T15:12:13+00:00,"Delcy Rodriguez acaba de confirmar los primeros dos casos de coronavirus en el pa√≠s. Ambos est√°n aislados.

Los pasajeros ven√≠an en un vuelo proveniente de Madrid.

Suspenden las clases a partir de este lunes 16/03.

Uso obligatorio de mascarillas para entrar al metro. https://t.co/c5PvFK0sVc"
2020-03-13T15:12:09+00:00,"‚ö†Ô∏è‚ö†Ô∏è‚ö†Ô∏è #Venezuela #Coronavirus 
Es dif√≠cil decirlo pero principalmente mantener la calma, mantenerse informados, revisar fuentes confiables. Entre tanto a sabiendas de lo deteriorado de nuestro ""Sistema de Salud"" seguir la recomendaciones:  #LavarseLasManos https://t.co/ekIOb3nPFg"
2020-03-13T15:11:16+00:00,Delcy espero te agarre el coronavirus maldita https://t.co/5aErGiIFkR
2020-03-13T15:10:49+00:00,"#13Mar | #UltimaHora | Delcys Rodr√≠guez, confirma dos casos de Coronavirus en Venezuela. De vuelos procedentes de la l√≠nea Iberia.

#Covid_19 
#Coronavirusvenezuela https://t.co/uewoRm3SlG"
2020-03-13T15:09:27+00:00,"#AsiMarchaelBeisbolMLB #Repost @lasmayores Anuncio oficial de Major League Baseball.

Foto: @lasmayores 

#Retraso
#CoronaVirus
#DeporteMundial 
#SinBeisbol
#MLB2020 en Guatire https://t.co/7A3Ljqa3mM"
2020-03-13T15:09:10+00:00,#SomosGarantiaAlimentaria #Covid_19 #Viernes13 @NicolasMaduro @MinEcoFinanzas @wpinto1205 https://t.co/V8U0dPxnWw
2020-03-13T15:08:09+00:00,@fuenteseliz Y aqu√≠ El Nacional  confirma la noticia del primer caso de coronavirus y est√° en El Cl√≠nico de Caracas
2020-03-13T15:07:43+00:00,"Delsy Rodr√≠guez confirma dos casos de Coronavirus en Venezuela, Edo Miranda. Est√°n aislados en cuarentena preventiva"
2020-03-13T15:07:03+00:00,"Quieren para evitar contagio de coronavirus, mucha higiene, principalmente lavar las manos, limpiar los hogares, mantener todo limpio entonces donde carajo est√° @HIDROCAPITALca para que env√≠en agua para realizar la limpieza."
2020-03-13T15:07:03+00:00,ya tenemos el coronavirus oficialmente Venezuela tomemos todas las medidas que sean necesarias y hagamos los sacrificios que sea necesario para evitar una r√°pida contaminaci√≥n.
2020-03-13T15:06:32+00:00,"Ultima Hora **Confirmado 2 casos CORONAVIRUS En Vzla. Manifiesta Delcys Rodr√≠guez** en Cuman√°, Venezuela https://t.co/z5BVNCAU0f"
2020-03-13T15:06:10+00:00,Guaid√≥: el coronavirus entra a Venezuela si o si.
2020-03-13T15:04:47+00:00,"Confirmados 2 casos de Coronavirus en Venezuela, ü§∑üèª‚Äç‚ôÇÔ∏èü§¶üèª‚Äç‚ôÇÔ∏è"
2020-03-13T15:04:39+00:00,"El alcalde del Municipio Los Salias Jos√© Fern√°ndez, anunci√≥ la suspensi√≥n de actividades escolares en San Antonio de los Altos como medida preventiva ante la amenaza del Coronavirus. 
‚Ä¢
""Por medida de seguridad‚Ä¶ https://t.co/uRTX7X4Rfd"
2020-03-13T15:04:32+00:00,"@Fredyandradea 
El r√©gimen de Maduro confirma ahora en TV, 2 casos de #Coronavirus en Venezuela. Habla Delcy Rodr√≠guez."
2020-03-13T15:04:31+00:00,"#EnVivo | Delcy Rodr√≠guez: ""Ambos casos de coronavirus est√°n refugiados en el estado Miranda"" #13Mar #Viernes13 https://t.co/Hai65KdIDN"
2020-03-13T15:04:31+00:00,"Comunicado Oficial de la Uni√≥n Venezolana Oriental sobre el COVID19.

#UVOriental #Coronavirus

@mivellacen1 @AVCSur @asovecen @avcoriental @AVSOriental @comunicacionavo @adventistasnor 

Fuente oficial: https://t.co/bX0UhhhoTV"
2020-03-13T15:02:36+00:00,"Contar con h√°bitos de higiene y vida saludable puede mantenerte protegido del COVID-19. 

Seg√∫n la RAE, la higiene es una ""parte de la medicina que tiene por objeto la conservaci√≥n de la salud y la prevenci√≥n de‚Ä¶ https://t.co/7gYhjP1yCy"
2020-03-13T15:02:22+00:00,"#AHORA En minutos gobierno de Maduro dar√° a conocer 2 casos de Coronavirus ‚Äúaislados y atendidos‚Äù en Estado Miranda. Me informan que suspensder√°n actividades escolares...

En desarrollo"
2020-03-13T15:01:22+00:00,Secretario @Almagro_OEA2015 se chequea por haber tenido contacto con personas con Covid-19. Esperemos que se encuentre bien https://t.co/n21aZ1VWhL
2020-03-13T14:58:09+00:00,"La llegada del #CoronaVirus es alarmante, no hay un sistema de salud que pueda contrarrestar el mismo.
Tenemos a√±os sin cerco epidemiologico, no hay insumos, no hay agua en los hospitales y no tenemos la oferta suficiente de los productos necesarios para la prevenci√≥n del virus"
2020-03-13T14:56:27+00:00,"üî¥#Nacionales // MinCultura y entes adscritos permanecer√°n cerrados para prevenir el coronavirus
‚û°Ô∏èhttps://t.co/Bwi48R7EAb https://t.co/CjXz1epswC"
2020-03-13T14:55:28+00:00,"¬°QUE SUENE EL ALMA LLANERA!üáªüá™üáªüá™

AUNQUE @NicolasMaduro NIEGUE MI PRESENCIA ESTOY CON USTEDES!üòç

#coronavirus #Covid_19 #COVID2019 #CoronavirusEnVenezuela #Venezuela #ElNacional https://t.co/u1su4l1Hp0"
2020-03-13T14:55:17+00:00,"Posible vacuna para el Coronavirus 

 https://t.co/BHdhH5j4a9"
2020-03-13T14:50:24+00:00,"No es que estemos acostumbrados a la especulaci√≥n, pero ya sab√≠amos que ten√≠amos coronavirus sin que lo hayan dicho."
2020-03-13T14:49:41+00:00,"@sanchezcastejon Estimado presidente. Proceda aplicar el protocolo de pandemia, de lo contrario Espa√±a entera sufrira los rigores del Coronavirus. Todo el mundo quieto. Es mejor medidas arrechas q lamentaciones despues!!"
2020-03-13T14:49:25+00:00,"@VPCojedes @alexandermirele @VPSanCarlos @Class987FM @ClaroyRaspao3 @ArmandoCamejoR @CarlosBorjas @VoluntadPopular @alexolvera01 @nrncojedes @PoliticaCojedes En vez d andar haciendo campa√±a electoral y andar prepar√°ndose para elecciones, por q co√±o no hacen una campa√±a para alertar e instruir a la poblacion para q se preparen y tomen medidas por lo del coronavirus???
Esas son las mierdas q me arrechan d los politicos.
NOJODA!! ü§¨ü§Æ"
2020-03-13T14:45:27+00:00,"@Mippcivzla @NicolasMaduro #EnVideo üìπ | Pdte. @NicolasMaduro: Tomaremos medidas especiales para la prevenci√≥n y le pido a las organizaciones sociales y comunales del pa√≠s ponerse al frente de la pandemia del #Covid_19 para proteger al pueblo.
#SomosGarant√≠aAlimentaria https://t.co/D6Zv1BP5Pb"
2020-03-13T14:44:42+00:00,"Coronavirus, √∫ltima hora - 120 fallecidos y 4.209 infectados por coronavirus en Espa√±a https://t.co/IcYGBF5l9Z v√≠a @libertaddigital"
2020-03-13T14:44:36+00:00,China ya ha controlado el #coronavirus. Aqu√≠ lo m√°s b√°sico para protegerlo no lo tenemos: agua y sin jab√≥n.
2020-03-13T14:43:07+00:00,@rafaelcalles /Precauci√≥n-Venezula @Nabothmontilla /s√≠ntomas-COVID-19 https://t.co/8U7sGl7dYL
2020-03-13T14:41:59+00:00,@LaPetra5 @Luigarcia11 @Smmar4F @Mira Lui ser√° que tu madre trajo el Coronavirus y le callo a ella que sucio eres Chavistas y Opositores somos venezolanos. Ni seas tan chochino y sucio. Vive el momento no seas Lacra.
2020-03-13T14:39:41+00:00,"Te callar√≠an a la fuerza, y quien sabe qu√© m√°s, si llegas a hacer p√∫blico que sospechas de alg√∫n caso de Coronavirus #EstoEsVenezuela @UN https://t.co/Mxpu6ZIakG"
2020-03-13T14:37:56+00:00,"Pues, a El Nacional y su ""periodismo"" lo tengo en cuarentena desde hace alg√∫n tiempo.

Y con esto no niego pudiera haber coronavirus por all√≠, pero, ¬°caramba! ¬øD√≥nde rayos ha quedado la rigurosidad period√≠stica?"
2020-03-13T14:37:48+00:00,"Durante a√±os hay comunidades en Venezuela que no le llegan ni una sola gota de agua, un vital l√≠quido para los seres humanos. ¬øComo podemos prevenir el #Covid_19 si no hay agua? #13Mar #CoronavirusEnVzla"
2020-03-13T14:37:27+00:00,"#OtraVezSinAguaElParaiso @NicolasMaduro @NestorLReverol @MPPAAguas @HIDROCAPITALca una de las medidas para prevenir el coronavirus es el mantener la higiene en el hogar y corporal, pregunto ¬øc√≥mo poder realizarlo si no contamos con servicio de agua permanente y constante?"
2020-03-13T14:36:44+00:00,En este momento estoy preocupado y alarmado. Amigos y conocidos extranjeros no entienden e incluso siento que no me creen que en mi pa√≠s no hay capacidad de medir los casos y el impacto del coronavirus sumado a que probablemente la dictadura ha hecho esfuerzos para taparlo.
2020-03-13T14:35:32+00:00,@jguaido Medidas hasta cuandooo y no te paran bolas utiliza la plata del. Concierto por Venezuela de hace un a√±o para arreglar el peo de coronavirus üòíüòíüòíüòò
2020-03-13T14:35:26+00:00,"Coronavirus en Caracas ü§ßüò∑‚ò£Ô∏è

Seg√∫n, hay un caso confirmado en Terrazas del √Åvila. Una representante de un colegio de la zona, parece, ha dado positivo a la prueba del #COVID„Éº19 . Pero la informaci√≥n, cita El Nacional, es de ""un grupo de WhatsApp de la instituci√≥n""

¬°Jummm!"
2020-03-13T14:35:24+00:00,@Almagro_OEA2015 @Que vaina tan arrecha Almagro tanta gente buena y de valor que muere por el Coronavirus y t√∫ el peor par√°sito del mundo no le cae ni coquito ECDTM. No te lo deseo pero eres una Plaga.
2020-03-13T14:32:03+00:00,"Consideraciones Sanitarias acerca de la Propagaci√≥n del Virus COVID-19.
#ASV #ScoutsVenezuela #Covid_19 #Coronavirus #DiversidadeInclusion https://t.co/dm0PvIlsAO"
2020-03-13T14:31:04+00:00,"üáªüá™ Presidente @NicolasMaduro: Nos hemos puesto en contacto con nuestros socios de la OPEP y aliados no OPEP para tomar iniciativas de di√°logo y reencuentro, de b√∫squeda de soluciones. #Covid_19 
@OPECSecretariat #SomosGarantiaAlimentaria https://t.co/t0sSDhEnzR"
2020-03-13T14:31:03+00:00,"Sumado al #Marat√≥nDeBoston y otros eventos, muchos eventos deportivos cancelados/pospuestos a nivel mundial 
#Coronavirus 
#LavarseLasManos https://t.co/c7k0lG1BQQ"
2020-03-13T14:29:59+00:00,"@sampinsss Total, y yo q amanezco con rinitis diario ya veo volando el. Coronavirus üòÇüòÇüòÇüòÇ"
2020-03-13T14:29:24+00:00,"La desinformaci√≥n comienza, en un pa√≠s donde la censura es el pan de cada d√≠a. #Venezuela #Covid_19 https://t.co/5dzGvgBtwb"
2020-03-13T14:28:36+00:00,"#Disneyland cierra sus puertas en Orlando y Par√≠s ü§π‚Äç‚ôÇÔ∏èü§π‚Äç‚ôÄÔ∏èüé†üé°üé¢
#Coronavirus https://t.co/ZkkJx92B0b"
2020-03-13T14:28:06+00:00,[ATENCI√ìN] Confirman primer caso de coronavirus en Venezuela https://t.co/dv1XdWZNx6 v√≠a @ElNacionalWeb
2020-03-13T14:27:34+00:00,"Por Dios, c√≥mo van a sorprenderse cuando confirman un caso de Coronavirus en Venezuela. 

Gente, ese virus est√° rodando desde hace d√≠as en el pa√≠s, si no lo notan, el gobierno empez√≥ a tomar medidas ayer, ¬øPor qu√©? Porque ya est√° la infecci√≥n y quieren cubrirse la espalda antes"
2020-03-13T14:26:20+00:00,Que mensaje oculto habr√° tras el Covid-19?
2020-03-13T14:26:04+00:00,"1/2 ¬øCreen que estamos en capacidad de asumir el Coronavirus? ¬øComo sabemos que no hemos decidido subestimarlo? Que dios bendiga a #Venezuela y nos de fuerza ante las graves consecuencias que este nos puede traer. Sin un sistema de salud, sin agua, sin insumos... sin gobierno."
2020-03-13T14:25:43+00:00,"‚ö†Ô∏è‚ö†Ô∏è‚ö†Ô∏è
Suspendido #GiroDItalia üö¥‚Äç‚ôÇÔ∏è 
Habr√° cambio de fecha.... #Coronavirus https://t.co/nvSy7xGEq2"
2020-03-13T14:23:10+00:00,"@MinAgriculturaV   dan a conocer la enfermedad *Coronavirus* COVID-19.
@NicolasMaduro
@FreddyBernal
@Yepfri_Arguello
@ClapEsTachira
@GMAS_Tachira. @MinAgriculturaV https://t.co/61EvNFLmnW"
2020-03-13T14:22:37+00:00,"@MinAgriculturaV   dan a conocer la enfermedad *Coronavirus* COVID-19.
@NicolasMaduro
@FreddyBernal
@Yepfri_Arguello
@ClapEsTachira
@GMAS_Tachira. @MinAgriculturaV https://t.co/5zeuz7wPZI"
2020-03-13T14:21:44+00:00,Confirman primer caso de coronavirus en Venezuela https://t.co/XW9hyofAON v√≠a @EL NACIONAL
2020-03-13T14:21:15+00:00,"@MinAgriculturaV   dan a conocer la enfermedad *Coronavirus* COVID-19.
@NicolasMaduro
@FreddyBernal
@Yepfri_Arguello
@ClapEsTachira
@GMAS_Tachira. @MinAgriculturaV https://t.co/oQvLKrt8hy"
2020-03-13T14:18:50+00:00,"@MinAgriculturaV   dan a conocer la enfermedad *Coronavirus* COVID-19.
@NicolasMaduro
@FreddyBernal
@Yepfri_Arguello
@ClapEsTachira
@GMAS_Tachira. @MinAgriculturaV https://t.co/WTKmhCaMd7"
2020-03-13T14:18:29+00:00,El t√© de toronjil y el eucalipto peleando contra el #coronavirus #Venezuela https://t.co/Z1XprgOJdX
2020-03-13T14:18:13+00:00,"√öLTIMA HORA #13Mar: El Presidente de Brasil, Jair Bolsonaro, ha dado positivo en la primera prueba de infecci√≥n por el nuevo coronavirus, que causa la enfermedad COVID-19; informa el peri√≥dico O DIA 

#COVID19 #CoronavirusEnBrasil https://t.co/pbMLPlEgMt"
2020-03-13T14:13:21+00:00,"@CNNEE El coronavirus se origino en China,  es un pa√≠s de esclavos que vive en asinamiento para mantener esa econom√≠a, y comen cualquier bicho"
2020-03-13T14:08:32+00:00,"Muchos por las redes sociales como que quisieran vivir lo que vive Italia o Espa√±a con esto de #Coronavirus, se√±ores ayudan a mantenernos informados. NO HAY NINGUNA CASO EN #VENEZUELA DE ESTE VIRUS y es muy dif√≠cil ocultar algo as√≠, no estoy defendiendo al gobierno"
2020-03-13T14:08:05+00:00,"Gobiernos de Colombia y Brasil desatienden llamado venezolano en trabajo conjunto contra COVID-19

https://t.co/dJmVZyVlLD https://t.co/FBj5BBagDX"
2020-03-13T14:07:43+00:00,"#üÖΩüÖæüÜÉüÖ∏üÜÖüÖ∏üÜÇüÖ∏üÖæüÖΩ365 || El coronavirus contin√∫a contagiando a personas reconocidas del mundo.
.
Sophie Gr√©goire, primera dama de Canad√°, dio positivo a los ex√°menes de este virus, luego de haber realizado un viaje al Reino‚Ä¶ https://t.co/dNWaaJ71HP"
2020-03-13T14:03:51+00:00,La prostituci√≥n se ve afectada por el Coronavirus https://t.co/fCNhGVCGjD
2020-03-13T14:02:37+00:00,"Ya comienza la actividad Mitos y Realidades del Coronavirus a cargo la Dra. Aniceli Su√°rez Presidente de sovemetso 
Actividad en pleno desarrollo. La prevenci√≥n y el estar informados es actualmente la mejor‚Ä¶ https://t.co/3aq7v5Sol8"
2020-03-13T14:01:27+00:00,"Cifra de v√≠ctimas por coronavirus en Italia arrib√≥ a 1.016, hay 15 mil casos positivos

https://t.co/5ib6dywhyt https://t.co/Z6wnutwY8n"
2020-03-13T13:57:45+00:00,"Debido a la pandemia del #Coronavirus üò∑

Acatamos la alerta y decidimos posponer nuestra pr√≥xima fecha en #Mexico 

Por ahora a cuidarse y a no inventar muchachos, nos vemos pronto cuando an√∫ncienos nuevamente la‚Ä¶ https://t.co/NLvGMTf42i"
2020-03-13T13:54:26+00:00,@zulyERG @ElCoronatales Excelente deducci√≥n del coronavirus üëèüèªü§£
2020-03-13T13:53:29+00:00,"Otros que fueron + extremos son los de #fastandfurious9 que postpusieron su Gran Estreno para el 2021 por medidas de salud, eso no es cuarentena, es a√±o sab√°tico!!! #hollywood #pandemia #coronavirus #estrenos #movie‚Ä¶ https://t.co/XBYK2fPXGG"
2020-03-13T13:52:43+00:00,"#SomosGarantiaAlimentaria 
#Covid_19 ü§ß

El lavado de manos, principal medida de prevenci√≥n para evitar el contagio,
debe durar lo que se demora el canto del Himno de la Federaci√≥n. https://t.co/yvZuqPrcRm"
2020-03-13T13:50:49+00:00,"Con el condon incluido, esto  esta sospechoso, como el fin del coronavirus es la multiplicaci√≥n  de la especie.
Italianos, pa luego es tarde. https://t.co/gcDTAaE5KY"
2020-03-13T13:49:34+00:00,# cs.13 mar .9.41 am en caso que tuvieran un paciente contaminado covid 19 aislamiento de pacientes y del personal que los atiendes como se har√≠a en los hospitales venezolanos  que no tienes comidas pacientes que van a comer el personal
2020-03-13T13:46:59+00:00,"@millaser 
Hermanos no nos vece el coronavirus https://t.co/YcuY1GnRNw"
2020-03-13T13:44:40+00:00,"@Fredyandradea 
Vean este video 
Hundreds of hungry monkeys swarm across Thai street as 'rival gangs' fight over food after tourists who normally feed them stay away because of coronavirus https://t.co/rYfZnjPW3m https://t.co/TPQezjcL0j"
2020-03-13T13:43:11+00:00,El Coronavirus virus no distingue entre oficialistas y opositores.Tampoco la ley de la gra edad y la necesidad de respirar.Dios nos cre√≥ para compartir y nosotros fabricamos barreras.Oigamos lo que Dios nos habla con el Coronavirus.Llama a convertirnos
2020-03-13T13:42:45+00:00,"Protocolo en tiempos de coronavirus. Debemos tener conciencia que tenemos una pandemia, esto no es tonter√≠as. Protege y prot√©gete.
‚öúÔ∏è
Hay que predicar con el ejemplo. Por favor adaptarse y ser coherente con la‚Ä¶ https://t.co/IiC25V1PWm"
2020-03-13T13:40:30+00:00,POR ESO AQU√ç NO LLEGA EL CORONAVIRUS https://t.co/hc3134hLS8
2020-03-13T13:39:47+00:00,"@gabyarocha Es que se lee cada cosa...
Alguien me dijo el mi√©rcoles pasado que en 48 horas el Coronavirus habr√≠a desaparecido porque el Lysol lo mataba... ¬ølo m√°s triste? El estaba convencido..."
2020-03-13T13:38:37+00:00,@Edurodriguezg @Uladdhh Descartar las diferencias pol√≠ticas y ponerle atenci√≥n a los casos que tenemos y dejar el tapado hablar con la verdad esto es serio el mundo est√° convulsionando con el coronavirus ü§ï
2020-03-13T13:37:35+00:00,#Covid_19 ‚òùÔ∏èADVERTENCIA: Optar√© por eliminar de grupos de WhatsApp y de mis contactos personales a toda persona que env√≠e alguna broma o chiste sobre el Corona Virus. ES EN SERIO #pzo  #CoronavirusPandemic #PandemiaMundial #coronavirusvenezuela #urgence #urgente #13marzo
2020-03-13T13:37:28+00:00,Ahora este coronavirus
2020-03-13T13:35:26+00:00,@Edurodriguezg Es importante que el gobierno le hable con la verdad al pueblo sobre la pandemia y el coronavirus que ya est√°n en Venezuela algunos casos #alguiendespierto #saludoplanetario @Uladdhh
2020-03-13T13:35:19+00:00,Y Ustedes deseando como buenos Ap√°tridas que llegue el Coronavirus a Venezuela https://t.co/Gc42kqzZkV
2020-03-13T13:33:59+00:00,"@Fredyandradea 
China's richest man Jack Ma donates one million face masks and 500,000 coronavirus test kits to the US https://t.co/CN631yQJyt"
2020-03-13T13:33:49+00:00,"@primerapagina 
China's richest man Jack Ma donates one million face masks and 500,000 coronavirus test kits to the US https://t.co/CN631yQJyt"
2020-03-13T13:32:24+00:00,Campa√±a COVID-19 @MPPEDUCACION @supervisionZET1 https://t.co/PqUGzGAlai
2020-03-13T13:32:13+00:00,"Coronavirus:exigencia de corresponsabilidad y solidaridad;oportunidad para afianzar la fraternidad vecinal y planetaria;invitaci√≥n a profundizar en la peque√±ez terrenal,pero tambi√©n en la vocaci√≥n  celestial del ser humano.S√≥lo Dios es Dios,y Dios es amor."
2020-03-13T13:30:27+00:00,De verdad que el gobierno y cientificos Chinos son unos irresponsables #Covid_19 un virus que provoca muertes en seres inocentes. En pa√≠ses que ya tienen suficientes problemas
2020-03-13T13:28:14+00:00,@ananditaisabel Coronavirus garantizado
2020-03-13T13:28:02+00:00,#Covid_19 Perdidas millonarias ha acusado este virus y los Culpable Chinitos bien gracias https://t.co/HPAd6VXwZb
2020-03-13T13:27:30+00:00,@XHespanol Malparidos chinos fueron los que provocaron esta pandemia de coronavirus y ahora hablando paja pura rata üêÄ
2020-03-13T13:27:08+00:00,"La vida sin f√∫tbol  es vac√≠a.. 
 #Covid_19 https://t.co/V6V9ewb8cq"
2020-03-13T13:26:17+00:00,"Jes√∫s nos invita y ense√±a a c√≥mo vencer el miedo ante lo  que vivimos actualmente con relaci√≥n al #Coronavirus y todas las situaciones que nos asustan. HOY. A las 6:00pm, hora VENEZOLANA. LOS ESPERO VIRALIZA,‚Ä¶ https://t.co/An6PsGx3BD"
2020-03-13T13:26:02+00:00,"Cuba confirma cuarto caso de coronavirus en la ciudad de Santa Clara

https://t.co/Yapa56dZum https://t.co/XpaWGFqpq0"
2020-03-13T13:25:59+00:00,"Coronavirus | Declaraci√≥n institucional de Pedro S√°nchez, en directo https://t.co/57PlNBT0K7 v√≠a @abcdesevilla"
2020-03-13T13:25:33+00:00,Estamos en las manos de Dios porq en este pa√≠s. No hay gobierno ellos prefieren que se muera su pueblo antes de soltar el poder #Covid_19 #coronavirusenvzla y sin ayuda internacional.. https://t.co/OLXyasvNaU
2020-03-13T13:23:10+00:00,Coronavirus afectar√° las econom√≠as latinoamericanas de acuerdo a proyecciones de CEPAL  https://t.co/CnVfJtcfpz
2020-03-13T13:22:56+00:00,@NicolasMaduro como le dije el covid_19 si se puede contra restar y asta curar en sus primeros s√≠ntomas
2020-03-13T13:22:24+00:00,"@ekolecua @rhm1947 El mata cura, @elcitizen a√∫n no sabe que el COVID-19 es intapable, indesviable medi√°ticamente?El desv√≠o lo hizo USA seg√∫n el propio director del C.D.C, Roberto Riefeld quien dio estas cifras: en USA hay 34MM Infectados por influenza y 20000 han muerto que cree son de coronavirus"
2020-03-13T13:22:01+00:00,"En medio de la Epidemia Global declarada por la OMS sobre el Coronavirus, y por las declaraciones del ejecutivo nacional el evento #DesafioAbave programado para el pr√≥ximo 21 de marzo, queda suspendido hasta nuevo aviso.
Gracias a todos los que hasta el momento nos han apoyado https://t.co/ijizaUzd1E"
2020-03-13T13:19:53+00:00,"@Fredyandradea 
√öLTIMA HORA

Rusia registra 11 casos del covid-19 en un d√≠a https://t.co/qLzc859fiy https://t.co/2GKkrR3t5t"
2020-03-13T13:19:04+00:00,"Reposted from @sinmordaza #ReporteSinMordaza | La Organizaci√≥n Mundial de la Salud (OMS - opspaho) ya considera el #COVID19 (#Coronavirus) como una pandemia.
.
Con pandemia la OMS se refiere a una enfermedad‚Ä¶ https://t.co/Kzu7pDbdkq"
2020-03-13T13:18:51+00:00,"#13Mar  Trinidad y Tobago que es una isla tiene casos de #Coronavirus. en #Venezuela yo  no me como el cuento de qu√© a√∫n no a llegado el primero.
Tengamos precauci√≥n, el gobierno es capas de tapar todo.
#coronavirusenvzla #Viernes13 
#rtüáªüá™ https://t.co/oxIo0MkxlW"
2020-03-13T13:17:34+00:00,"Hermanos venezolanos,tenemos muchos problemas por favor esto Coronavirus no es un juego que no llegue a nuestra Venezuela.
Ya basta de populismo https://t.co/SJii0NmtC9"
2020-03-13T13:16:34+00:00,Otro estreno que decidi√≥ postpponer su Gran Premier fue #aquietplace2 seg√∫n comunicado del propio #johnkrasinski por medidas de prevenci√≥n al #coronavirus Hasta que la podamos ver todos juntos... #hollywood‚Ä¶ https://t.co/Qnlgc1XsHV
2020-03-13T13:15:06+00:00,Po r que no saca una Gaceta oficial donde explique cuales son las medidas y la Conduta a sequir contra el Coronavirus.Vomos pues sin.perdedera de tiempo ni Habladera de Guevonadas. https://t.co/qtGpd7U1X6
2020-03-13T13:14:55+00:00,"Otra optica a la teoria conspirativa China, del covid 19, como arma biologica norteamericana. @OrlvndoA https://t.co/7kNeeDP9WA"
2020-03-13T13:10:04+00:00,#13Mar En que cabeza cabe que en un Pa√≠s tan Vulnerable sanitariamente como #Venezuela esta libre de #Covid_19 #coronavirusenvzla
2020-03-13T13:09:58+00:00,"Buenos d√≠as y feliz fin de semana para tod@s!!! ‚òï Y ya el #coronavirus empieza a hacer estragos en todos los niveles, y el mundo del espect√°culo no pod√≠a ser la excepci√≥n ya que por medidas de prevenci√≥n muchos‚Ä¶ https://t.co/TPiLxPXkA4"
2020-03-13T13:09:17+00:00,Cu√°les son los s√≠ntomas del Coronavirus?? https://t.co/xkWLC5JmeL
2020-03-13T13:09:09+00:00,"The reason why Venezuela is still one of the few countries without coronavirus cases yet is because karma exists and it wanted us to have some fun seeing the world burn with what we deal with occasionally, because at the end when it's our turn no one is going to look at us"
2020-03-13T13:08:29+00:00,"AQU√ç NO LLEGA EL CORONAVIRUS PORQUE LE TIENE MIEDO AL VIRUS QUE SIGNIFICAN TODOS LOS PERSONEROS DEL NARCOASESINOTERRORISTA DEL USURPADOR, QUE ES PEOR QUE EL CORONAVIRUS. 
AQU√ç SOLO LLEGA DIOS TODOPODEROSO. TIC TAC TIC TAC TIC TAC. https://t.co/0aaPijRKoj"
2020-03-13T13:08:27+00:00,Resultados del paciente aislado en la cl√≠nica popular de Caricuao dieron negativo para el Coronavirus
2020-03-13T13:07:30+00:00,"Espa√±a siglo XXI.
No voy a decir lo que pienso de los curas, por respeto a los que son religiosos, pero seguro que todos lo sab√©is.
Fgjjiimhgfdcgtilmbgdx nnnvfdtykkll!!!!
#Covid_19

https://t.co/rADSH283F6"
2020-03-13T13:05:57+00:00,"Asi es, no distraerse y buscar por cuenta propia la protecci√≥n, ahora con el Coronavirus Venezuela queda en evidencia ante el mundo el gran descuido de su ""Sistema Salud"". https://t.co/d6xl54NGAn"
2020-03-13T13:05:49+00:00,"AQU√ç VAN A LLEVAR LOS PACIENTES CON CORONAVIRUS Y A LOS QUE PRACTICAR√ÅN LAS ""Y QUE"" PRUEBAS: SIN TAPABOCAS, SIN GUANTES, SIN ALCOHOL, SIN ........ UN CO.... PRETENDEN ENGA√ëAR AL MUNDO. NO PUEDEN YA ELLOS LO SABEN. https://t.co/0aaPijRKoj"
2020-03-13T13:02:08+00:00,"Comisi√≥n Presidencial para control del coronavirus se encuentra en sesi√≥n permanente

https://t.co/G5rSG2KzdM https://t.co/krRZFp30Jb"
2020-03-13T13:02:07+00:00,En esta aplicaci√≥n web se puede monitorear el coronavirus en tiempo real.  https://t.co/WJAGKfJIpQ https://t.co/c8tCgGj8fk
2020-03-13T12:57:15+00:00,BUEN DIA PUEBLOüáªüá™VALIENTE QUE SEGUIRA LAS RECOMENDACIONES OFICIALES SOBRE LA PREVENCION DEL COVID-19 Y MAS AUN CUANDO TIENEN EN DISPONIBILIDAD 76 HOSPITALES RECTORES A NIVEL NACIONAL Y 7000 CENTROS DE SALUD COMUNITARIOS .PIENSA QUE LA FRONTERA DEBE CERRARSE
2020-03-13T12:57:08+00:00,"El peor virus es el socialismo mijo peor que el #Coronavirus lastimosamente es posible que el Corona se implante en Venezuela y de esa forma pueda matar de manera articulada los dos.

#Covid_19 #coronavirusenvzla #venezuela https://t.co/QHFDNtFPjS"
2020-03-13T12:57:06+00:00,"Mi sobrino necesita ser intervenido quir√∫rgicamente para realizar alargamiento de su pierna derecha, ay√∫danos a difundir https://t.co/5EhXCu2iZ0

#Covid_19 #alguiendespierto #saludoplanetario #ServicioPublico"
2020-03-13T12:53:57+00:00,"Coronavirus, √∫ltimas noticias en directo: Espa√±a registra 4.209 casos y 120 fallecidos https://t.co/lUGcdqvJ0a v√≠a @ABC_Conocer"
2020-03-13T12:52:10+00:00,"Mi nivel d stres no puede estar m√°s alto,esperando si hay apag√≥n,recogiendo agua porq no s√© si la vuelven a quitar,pensando cuantos d√≠as tendr√© q pasar en cola de gasolina,el gas ya no cuenta hace mucho no tengo, el nuevo factor coronavirus,y no saber si alguien m puede contagiar"
2020-03-13T12:46:44+00:00,Omar Gonz√°lez: Venezuela exige protecci√≥n para m√©dicos que declaren sobre el coronavirus  https://t.co/uhIaNror7I
2020-03-13T12:46:44+00:00,"@IRDA_OFICIAL Recuerda que debes estar prevenido del COVID -19 
@RMarcoTorres @Mary_RomeroP 
#DeporteSaludable https://t.co/pxybwzsVoD"
2020-03-13T12:45:33+00:00,"Orgullo VENEZOLANOüáªüá™ nuestro @drsamuelsuarez aqu√≠ demostrando que #QueBuenoSomosMas #CoronavirusEnEcuador #TalentoVenezolano #YoSiCantoSalsa 

#Covid_19 #Coronavirus Fuente @ACNUREcuador #VenezolanosEnEcuador #Diaspora https://t.co/et7TCaHuSw"
2020-03-13T12:45:17+00:00,Deber√≠an hacerle el TEST al #Coronavirus COVID-19 para ver si este se infect√≥ de Almagro. https://t.co/LZyN0p9ooP
2020-03-13T12:43:32+00:00,RT si no te has muerto por Coronavirus
2020-03-13T12:41:49+00:00,"Gobierno chino acusa a EEUU de llevar el Covid-19 a su pa√≠s

https://t.co/EKMm7ocoBn https://t.co/M5qr67F6EY"
2020-03-13T12:41:20+00:00,"Vean la mala intenci√≥n de Maduro es un pa√≠s q no hay Internet el ministerio de educaci√≥n esta preparado para dar clases por Internet, no tenemos salud p√∫blica y menos hospitales y estamos listos para combatir el Coronavirus."
2020-03-13T12:38:02+00:00,"O sea que el Coronavirus puede parar todo el negocio de las elecciones? ü§î

Entonces ha hecho m√°s que la. ""oposici√≥n"" venezolana, verdad @Noelleal?"
2020-03-13T12:37:51+00:00,Convocan novena extraordinaria a Mar√≠a Auxiliadora contra el coronavirus https://t.co/zaWqabwKnE
2020-03-13T12:37:37+00:00,"Hola... Un saludito de buenos d√≠as.
Otra vez fin de semana.... Viernes 13......quincena...y observando la expansi√≥n del Coronavirus (COVID-19)...Una Pandemia. Dios nos protegan.
Recuerda tomar las medidas sanitarias‚Ä¶ https://t.co/UXPuvyDD8h"
2020-03-13T12:33:45+00:00,La conclusi√≥n es que quien tenga una enfermedad respiratoria de base los fumadores cr√≥nicos y los drogadictos que inhalan coca√≠na constantemente son v√≠ctimas f√°ciles del coronavirus.
2020-03-13T12:32:37+00:00,Maduro anuncia la suspensi√≥n de vuelos a Venezuela desde Europa y Colombia por coronavirus  https://t.co/vu6DfdSKAx
2020-03-13T12:32:13+00:00,"#Repost @inac_venezuela (@get_repost)
„Éª„Éª„Éª
#INACInforma || Te explicamos c√≥mo diferenciar el #Coronavirus de un resfriado com√∫n. #JuntosTodoEsPosible 
#Prevenci√≥nYProtecci√≥nDelPueblo .
#Aviaci√≥n #SectorA√©reo‚Ä¶ https://t.co/RUjOYNNWij"
2020-03-13T12:32:04+00:00,"Quisiera quedarme en casa x cuidar mi salud y la de mi familia #Covid_19  , pero no puedo xq tengo q trabajar ‚òπÔ∏è y trabajo en salud privada , q terror de verdad"
2020-03-13T12:30:37+00:00,El veneno y mala sangre de √©ste tipo pudiera darle m√°s fuerza a la malignidad del Coronavirus. Estos engendros del mal est√°n amparados porüòà. https://t.co/Bc6rYSZguZ
2020-03-13T12:30:13+00:00,"#13Mar La @WinnerLeague suspende los juegos hasta final de mes por recomendaci√≥n del Ministerio de Salud israel√≠.

En dicha liga, participan con el @MaccabiHaifaBC: @danielseoane, @Gregory8Vargas y @bignestor43 üáªüá™.

#Covid_19 #Coronavirus https://t.co/5Mk3l99fLe"
2020-03-13T12:30:06+00:00,"COMUNICADO OFICIAL EN RELACI√ìN AL CORONAVIRUS COVID-19

La Escuela de F√∫tbol Menor Secasports, en consonancia con las acciones y comunicados oficiales emitidos por los entes responsables, considerando adem√°s todas las medidas sanitarias y recomendaciones publicadas, comunica: https://t.co/JOk98XkRlh"
2020-03-13T12:29:33+00:00,Pudiera ser tambi√©n que los inhaladores cr√≥nicos de coca√≠na tengan una debilidad bronquial y pulmonar que tambi√©n les puediera hacer v√≠ctimas f√°cil del coronavirus.
00ef60bb0d238e05,Le afectar√° a Jos√© Vicente el Coronavirus? Viene luchando con Epidemias desde la √©poca de Tutankam√≥n
2020-03-13T12:28:19+00:00,De all√≠ sigue que los fumadores cr√≥nicos que seguramente tienen una debilidad bronquial y pulmonar son v√≠ctimas f√°ciles del coronavirus.
2020-03-13T12:27:09+00:00,"Estornude como 8 veces (sufro de alergias todos los d√≠as) y empec√© a gritar coronavirus, coronavirus, mi mam√° se r√≠e, peroooooo, el vecino que est√° martillando la pared desde las 6:30 am, paro. Y no lo escuche mas. Porque no me dijeron antes? ü§£ü§£ü§£ feliz viernes #13 üòà"
2020-03-13T12:25:48+00:00,@InterCliente Y al maldito internet que no sirve desde hace mes y medio que lo afecta? El coronavirus?
2020-03-13T12:19:58+00:00,Destruir el coronavirus depende de nosotros. Soy #amaritzadesing #coronavirus #vida #salud en Guatire https://t.co/L9YWRy2Bq3
2020-03-13T12:18:46+00:00,Me da miedo estornudar y que me aislen por coronavirus. https://t.co/GzWQOWvwpU
2020-03-13T12:18:27+00:00,"A tomar precauciones üò∑, pero sin generar frustraciones. ‚ö†üö®üè•‚öï‚õë#Covid_19"
2020-03-13T12:17:37+00:00,"@Psicovivir Si nos ponemos a evaluar los efectos que podr√≠a producir el contagio por #Covid_19 en Venezuela, es preferible que seguir viendo como se muere la gente por hambre o falta de medicina. Entonces, hay que arreciar la presi√≥n para que se vaya el ursurpador @jguaido"
2020-03-13T12:15:13+00:00,"#Covid_19 #CoronavirusPrevencionYAccion #coronavirus  #medicina                  1 #NoPanico
2 #QuedateEnCasa
3 #HidratacionSinHielo
4 #LavarseLasManos
5 #NoTocarseLaCara
6 #MascarillaN95
7 #UsaLysolClorox
8 #SirveAlcoholCloro
9 #Comunicaci√≥n"
2020-03-13T12:15:10+00:00,@jguaido DEBIDO A LAS SANCIONES DE TUS AMOS DEL NORTE PROPICIADAS POR T√ç...ESPERO QUE EL CORONAVIRUS NO LE LLEGUE A TU HIJ@!!...PORQUE EL CARGO DE CONCIENCIA TE MATAR√Ä..
2020-03-13T12:12:15+00:00,"Se intensifican medidas de prevenci√≥n y control contra el COVID-19 en Cuba para detener su futura propagaci√≥n
#PreveerEsElArteDeSalvar
#MarzoVictorioso @SerranoSaery @JulitoVenCub @OrlandolvarezA5 @CubacooperaVe https://t.co/XKIz8VQOyA"
2020-03-13T12:10:29+00:00,"Volver a escuchar a @LuisChataing en la Mega por 5 minutos fue genial üëèüèºüëèüèº

As√≠ empieza mi d√≠a, despu√©s de tanto Coronavirus

@5minutosmasmega"
2020-03-13T12:10:05+00:00,Tiempos Dif√≠ciles Para Nuestra Gran Venezuela . Ahora est√° Angustia del Coronavirus. Fortaleza a Todas esas Familias Venezolanas.
2020-03-13T12:09:07+00:00,"El Presidente @jguaido le comunica al pais acciones precisas, ante la pandemia del Coronavirus declarada por la Organizaci√≥n Mundial de la Salud, OMS y La Oficina Panamericana para la Salud, OPS.
Estemos atentos a los anuncios.

 https://t.co/mDFerBYSiW"
2020-03-13T12:04:54+00:00,"Ahhh. Claro. Entonces como anteayer dijiste una burrada con lo del Coronavirus en el Perez Carre√±o y no te bloque√≥ al menos el cincuenta por ciento de tus seguidores, hoy dices una burrada peor....
Lo que se tiene que leer por aqu√≠!!! https://t.co/emW92AAJYo"
2020-03-13T12:04:52+00:00,"@trafficLARA dm tenemos 2 ""presidentes"" y uno es in√∫til y el otro...tambi√©n. y por fin hablan del coronavirus. Hacer algo? Es mucho pedir al cabo Reyes y al sargento Garc√≠a. Gente tomen sus medidas y preserven sus vidas. Par de bobos no te ayudar√°n."
2020-03-13T12:04:49+00:00,"Importante informaci√≥n ü§í ‚ÄºÔ∏è.
-
Comparte con tus contactos üì¢ para que todo el mundo la conozcaüåé. No olvides que la prevenci√≥n es tu mejor herramienta ¬°No te alarmes! üôèüèª
-
#Coronavirus #Prevenci√≥nCoronavirus en‚Ä¶ https://t.co/iJVa0Y8knl"
2020-03-13T11:56:48+00:00,Coronavirus y viernes 13... üßê
2020-03-13T11:55:47+00:00,"@iboma7 @LaDivinaDiva @malufrancis Hay hospitales donde est√°n habilitando √°reas para que lleguen los eventuales pacientes con coronavirus, pero para llegar a esa √°rea hay que recorrer todo el hospital. Pienso que lo mejor ser√≠a habilitar una que est√© cerca del acceso externo"
2020-03-13T11:53:09+00:00,"@SamanEdu @AllansSk Compa≈àero Sam√°n, por favor, PUEDES SEGUIR ILUSTRANDONOS SOBRE EL CORONAVIRUS? CREEMOS EN TI Y LA DISOCIACION GALOPA!"
2020-03-13T11:51:00+00:00,"Muy buenos  d√≠as,   Feliz viernes  13 de  Marzo, estamos presentando¬† a nuestros lectores la portada de la edici√≥n del diario La Calle. #venezuela #carabobo #valencia¬† #lacalle #noticias #sucesos #deportes #nacional #portada #marzo      #sucesos #Covid_19  #pandemia #coranovirus https://t.co/ZJkaSUsikQ"
2020-03-13T11:50:59+00:00,"De todos los pa√≠ses del primer mundo, destaca uno que no tiene sanidad p√∫blica, en el que las pruebas para el #Covid_19  cuestan 2 o 3000 d√≥lares, no hay baja laboral, y no hay un control y registro fiable de la enfermedad, ya que la gente trabaja hasta reventar:
EEUU. https://t.co/yi51jXvs5H"
2020-03-13T11:50:26+00:00,@mirandoenmi No abraces #Covid_19
2020-03-13T11:45:31+00:00,Y con tanto COVID-19 en Brasil üò∑ü§≠ https://t.co/1QIoW2VKYU
2020-03-13T11:40:14+00:00,"‚òùüèºMEDIDAS DE PROTECCI√ìN B√ÅSICAS contra el nuevo #coronavirus ü¶†
.
Mant√©ngase al d√≠a de la informaci√≥n m√°s reciente sobre el brote de COVID-19, a la que puede acceder en el sitio web de la OMS y a trav√©s de las‚Ä¶ https://t.co/ga553pksX4"
2020-03-13T11:32:25+00:00,"En conferencia de prensa, el mandatario bolivariano expres√≥ que se ha dado seguimiento a la situaci√≥n del coronavirus en todo el mundo.

El presidente de Venezuela, Nicol√°s Maduro, inform√≥ este jueves que se ha‚Ä¶ https://t.co/V3fxtvp3ql"
2020-03-13T11:30:05+00:00,"Si el Coronavirus se mete en el metro de Caracas, morir√≠a al entrar. En esa vaina sobreviven los m√°s aptos. #PensandoAqu√≠UnaVaina"
2020-03-13T11:25:44+00:00,"Buenos d√≠as y feliz viernes. Si pueden hacerlo, trabajen desde sus casas. #quedateencasa #Covid_19"
2020-03-13T11:19:54+00:00,Un 60 % de brit√°nicos tendr√° que infectarse para lograr controlar el COVID-19 https://t.co/kM9YyXwk5r v√≠a @el_carabobeno
2020-03-13T11:19:23+00:00,Esperando al coronavirus üëë https://t.co/Hmk999M6zj
2020-03-13T11:15:26+00:00,@NicolasMaduro Saludos Presidente muy acertadas tus palabras sobre la pandemia del COVID-19 y d caerle ya con ciertas medidas Los pa√≠ses d Europa los EEUU y otros m√°s subestimaron st√© virus y mira lo est√° ocurriendo en √©l Mundo. Ej suspensi√≥n d la NBA MBL la Ligas d f√∫tbol d Italia y Espa√±a etc
2020-03-13T11:13:40+00:00,El Gobierno comunista de China env√≠a primer cargamento de medicinas y un equipo multidisciplinario de profesionales de la medicina a Italia a fin de ayudar a ese pa√≠s europeo con su crisis por #Covid_19 en toda #Italia https://t.co/JTMaWb7o5X
2020-03-13T11:12:53+00:00,Yo solo espero que esta brisa helada y desgraciada que tanto me encanta lejos de darme un resfriado m√°s bien mate cualquier cepa de #Covid_19 que est√© entrando a Valencia
2020-03-13T11:09:40+00:00,"El coronavirus se VENCE con INTELIGENCIA y CONOCIMIENTO, no creando p√°nico."
2020-03-13T11:08:57+00:00,"Alarmarse por el CoVID-19 es innecesario en la prevenci√≥n est√° la clave, el lavado de manos es fundamental, evitar dar la mano, abrazar y besar a otra persona, en lo m√°s posible a  tambi√©n ayuda a reducir el riesgo de contagio"
2020-03-13T11:04:16+00:00,"Si tienes Coronavirus y contagias a alguien, ¬øPodr√≠a considerarse un delito por intento de homicidio? #PensandoAqu√≠UnaVaina"
2020-03-13T11:01:10+00:00,Esto se sali√≥ de control #Covid_19
2020-03-13T11:00:35+00:00,"Coronavirus :Espa√±a, el segundo pa√≠s con m√°s casos. Los Reyes dan negativo en la prueba del Covid-19

https://t.co/OlFxX5lUpS"
2020-03-13T10:56:13+00:00,"@hfsalasromer @jguaido No si ya tom√≥ el tema pidi√≥ dinero y que para el ""coronavirus"". A llenarse los bolsillos carajo"
2020-03-13T10:54:24+00:00,"Importante informaci√≥n sobre el coronavirus,puedes incorporarte como equipo de prevenci√≥n, informaci√≥n y solidaridad desde ya. El Pa√≠s te lo agradecer√° https://t.co/OAijGzVM88"
2020-03-13T10:48:25+00:00,·µÇ‚Å±À°·∂† ≥·µâ·µà·µíüò∑@·µû·µõ¬≤·¥≥·∂†·¥µ¬Ø\{`‡∑¥`}/¬Øüáªüá™ #coronavirus https://t.co/RuHyXGvM8E
2020-03-13T10:44:03+00:00,"#ATENCI√ìNüáªüá™üî¥|| #Venezuela suspende por un mes todos los vuelos procedentes de Europa y de Colombia ante el #Covid-19. As√≠ lo anunci√≥ nuestro Pdte. C/J @NicolasMaduro #12Mar 
#Prevenci√≥nYProtecci√≥nDelPueblo https://t.co/LqjNSSCrWi"
2020-03-13T10:37:38+00:00,"Familiar del exterior me llama y pregunta qu√© har√° el presidente Guaido ante el Coronavirus, afuera creen que Guaido es quien manda y tiene control sobre el estado... y est√°n s√∫per equivocados, todo esto sucede por su viaje c√≥mo presidente. Lo he dicho y repito, es simb√≥lico."
2020-03-13T10:35:16+00:00,"Mes de mi cumplea√±os :
Marzo 2019 ""apagones a nivel nacional, crisis con el suministro de agua, protestas, etc""!
Marzo 2020 ""pandemia mundial #Covid_19, ahora guaido quiere elecciones, marchas, suspenden todo los juego de la #Juventus"" https://t.co/fNXKIu7yPs"
2020-03-13T10:34:27+00:00,El coronavirus no presenta moco ni rinorrea idiota! https://t.co/Tn7R9CdSSw
2020-03-13T10:30:35+00:00,#ENMundo  Italia super√≥ los 1.000 muertos por coronavirus https://t.co/grhZ96BTxB  https://t.co/tJ6DacixBj https://t.co/2DM203HSDX
2020-03-13T10:27:06+00:00,"@alexagomez2000 @YESILUS Y que quieres que contraten unos mariachis. Sus deseos para todos de que el coronavirus nos esco√±ete, se les revierta. Solo eso les deseo. Dios en su justa medida les de lo mismo que le desean a los dem√°s"
2020-03-13T10:13:15+00:00,"Guaido dice que tomar√° medidas ante Coronavirus, es irresponsable de su parte decir tal mentira sabiendo que no tiene control sobre militares y ministerio de salud, es la tiran√≠a de Maduro quien lo controla todo; es la verdad aunque no guste. Guaido no puede traer ni una aspirina"
2020-03-13T10:11:41+00:00,Coronavirus Covid-19 en directo: El Pa√≠s Vasco decreta la emergencia sanitaria https://t.co/FKFbT7CySA v√≠a @ABC_Conocer
2020-03-13T09:58:52+00:00,@samuelopez de coronavirus
2020-03-13T09:40:59+00:00,"Pdte. @NicolasMaduro: ""Debemos tener consciencia que Covid-19 no solo ha afectado la salud y la vida de la humanidad, tambi√©n ha golpeado la econom√≠a del mundo (...) En los √∫ltimos d√≠as hemos visto el desplome de los precios petroleros, y las bolsas https://t.co/poxaJiGC2T"
2020-03-13T09:38:41+00:00,El coronavirus se le ha dado un gran despliegue informativo a nivel Mundial.parece mas bien un desastre economico de las potencias economicas Mundiales.Sospechosos profesionales de la economia lo estan mirando asi..LA propaganda y panico la tiene las grandes economias del mundo
2020-03-13T09:26:34+00:00,"Buenos d√≠as amables, evitemos el COVID-19 tomando todas las precauciones. Nada besos, abrazos, saludos de manos o similares.
√âxito y bendiciones por montones.
Feliz fin de semana."
2020-03-13T09:12:04+00:00,"Dios sabe lo que hace, es posible que si nuestra Camarada Delcy hubiera entrado a Espa√±a a esta hora estuvieran asegurando que los infect√≥ con el COVID 19 https://t.co/Quv9DiEm7V"
2020-03-13T09:00:31+00:00,Mandatario nacional @NicolasMaduro solicita a China el env√≠o de expertos para ‚Äúsumar conocimiento‚Äù y enfrentar el Coronavirus https://t.co/kxqzBLLdus
2020-03-13T08:54:21+00:00,"@FedericoBlackB No es imposible, venezuella es uno de los paises mas aislados del mundo. El coronavirus tiene un mes en America. Solo es cuesti√≥n de tiempo. Imposible es vivir con la peste chavista y  ya tenemos 20 a√±os.@soniachocron"
2020-03-13T08:39:16+00:00,"A mi, me sigue pareciendo que este peo del #Covid_19 es muuuucho m√°s que un resfriado heavy. No se lo tomen tan light con en Vzla"
2020-03-13T08:35:13+00:00,"Gracias al convenio Cuba-#Venezuela, el pa√≠s cuenta con 10 mil tratamientos de INTERFER√ìN ALDA 2B, producto biotecnol√≥gico cubano que se encuentra dentro de los 10 medicamentos probados con √©xito en China contra el Coronavirus (#Covid_19). üß´üíâüë©üèΩ‚Äç‚öïÔ∏è https://t.co/fiGWMY49pf"
2020-03-13T08:33:28+00:00,"Presidente Maduro exhort√≥ a cesar campa√±as que generan zozobra por COVID-19
https://t.co/RrrgUBoZ7T
#YoSoyDeAqui https://t.co/T9b3DSDyBF"
2020-03-13T08:32:51+00:00,"El gobierno Chino es el √∫nico en el mundo que est√° mandando ayuda a Italia y a Espa√±a.
¬øAhora sabes para qu√© sirve la Uni√≥n europea?

¬°¬°S√ç LOS COMUNISTAS!!
#Covid_19 https://t.co/6TadJC8pL5"
2020-03-13T08:32:12+00:00,Tendremos misa este domingo? Covid 19 ..
2020-03-13T08:11:44+00:00,"Quisiera entender a las personas, se dice q a Venezuela no ha llegado el Coronavirus y a muchos eso les causa molestia, como q se quisiera q en Venezuela llegara para terminar d poner la torta y ver como morimos por la deficiencia de todos los servicio p√∫blicos y privados ü§∑üèΩ‚Äç‚ôÄÔ∏èü§î"
2020-03-13T08:08:53+00:00,"..uno recuerda estas vainas..

..y ahora nos acobardamos por ese coronavirus...

..realmente, merecemos Ser Libres??

... https://t.co/JRl0dSKAHs"
2020-03-13T08:06:13+00:00,"@bevavera De donde sacas que el coronavirus puede acabar con todos? 
Sabes cual es la tasa de mortalidad ?
Es irresponsable alimentar la angustia con aquello que, el contagiado va a morir.
Ciertamente los actores buscan sacar provecho pol√≠tico pero quien gobierna es el √∫nico responsable."
2020-03-13T07:48:02+00:00,"üá®üá≥ China celebra ""el fin del pico"" de la epidemia del coronavirus de Wuhanüò∑ en su pa√≠s.

Los profesionales de la salud y pacientes celebran que m√°s de 60.000 infectados han logrado superar la enfermedadüôå y los hospitales temporales est√°n siendo cerrados.
 Fuente: @eldiario https://t.co/LEi4Ozicyy"
2020-03-13T06:42:24+00:00,"üáªüá™ *Anuncios del Presidente (e) @jguaido ante la amenaza del coronavirus* üáªüá™
1‚É£ Las convocatorias de calle ser√°n redefinidas. La lucha por la democracia no se suspende. Est√©n atentos a las redes sociales oficiales del Presidente (E) @jguaido, la Presidencia encargada @AsambleaVE"
2020-03-13T06:38:35+00:00,"@juliocastrom Medio rara esa Informaci√≥n del Dr Castro: La simple SOSPECHA debe activar protocolos de cuarentena y contenci√≥n. No esperar confirmaci√≥n:el sospechoso est√° enfermo,tenga o no COVID 19 y as√≠ debe ser tratado.Dr: deberia revisar la literatura de otros pa√≠ses !"
2020-03-13T06:21:56+00:00,#13marzo  #LibertadParaVenezuela üáªüá™üóΩ #Covid_19
2020-03-13T06:02:35+00:00,"Ok, cuanto tiempo va a durar este peo del Coronavirus? Primo fuer el chicunguya, lo derrotamos con unos guarapos combinados entre enfermeras y abuelas, pero esta verga nueva que sale con que se combate? Con Atamel ? Que nadie dice que usar. Solo lavarse las manos y ya"
2020-03-13T05:51:04+00:00,"No Entiendo, no quiero entender al Coronavirus, mientras menos piense en esa paja, creo que menos efecto tendr√°. Atraes lo que piensas as√≠ de sencillo."
2020-03-13T05:34:23+00:00,"BUENAS NOTICIAS DEL #Coronavirus ‚òëÔ∏è‚úîÔ∏è‚úÖ ‚úåÔ∏èüòÉ
¬°Bolsonaro y Trump respecto al #Covid_19, vean la im√°gen!
#13Mar | #FelizViernes 
#Brasilüáßüá∑ / #EEUUüá∫üá∏
@dcabellor @taniapsuv @planwac @Larissacostas @LaHojillaenTV @MariaesPueblo @ChalecosAmarill @anyaparampil @MonederoJC @atilioboron https://t.co/ZQTfowayYQ"
2020-03-13T05:29:33+00:00,A Putin no le dar√° el COVID-19?
2020-03-13T05:25:33+00:00,62 pa√≠ses han impuesto ya restricciones de entrada a espa√±oles por el coronavirus https://t.co/UJiSRE7bJB
2020-03-13T05:22:02+00:00,"@NicolasMaduro #Covid_19 Brasil üáßüá∑(25) casos confirmados, Argentina üá¶üá∑(19) Per√∫ üáµüá™(17), Chile üá®üá±(17), Ecuador üá™üá®(17), y usted ordena en Suram√©rica √∫nicamente la suspensi√≥n de los vuelos provenientes de Colombia üá®üá¥ que tiene (3). ¬øL√≥gica o resentimiento? ¬°Gobierno de transici√≥n! @NicolasMaduro https://t.co/IDZDWEl5yX"
2020-03-13T05:11:02+00:00,#Covid_19 #coronavirus #Abrazos https://t.co/HQ9vNoyo1n
2020-03-13T05:09:37+00:00,"Trump a los estadounidenses: ""Mantengan la calma, el coronavirus se ir√°"" - RT https://t.co/AoHoOuXPWr"
2020-03-13T05:08:36+00:00,"Centro Asistenciales y Centinelas designados para la atenci√≥n del #Covid_19  

#CoronaVirus 
#Venezuela 
#Caracas 
#CDI 
#CentrosDeSalud 
#Hospitales 
#Centinela en Caracas https://t.co/XN4UJYq4e6"
2020-03-13T05:01:35+00:00,B√©lgica suspende las clases y cierra bares y restaurantes para frenar el contagio del coronavirus https://t.co/WoCpEynItY v√≠a @epinternacional
2020-03-13T04:46:30+00:00,@LaDivinaDiva ?? Ellos lo fabricaron !!! El Covid-19!!! Y no dijeron Nadaaa!!!! Mintiendole a la WHO.....!!
2020-03-13T04:39:11+00:00,Coronavirus https://t.co/EzSaS0x269
2020-03-13T04:36:48+00:00,"Jueves #12marzo  El Coronavirus se puede evitar si se realizan  las medidas preventivas  
@psuvaristobulo  @NicolasMaduro
@JorgePerezVZLA @MPPE_VCEUP @DGCE_MPPE @MPPSalud @IpasmeOficial https://t.co/shgJttGcn0"
2020-03-13T04:30:40+00:00,Dejen el show yo hago chistes del coronavirus y a la vez me preocupo
2020-03-13T04:26:42+00:00,@PedroKonductaz @LaZurdaDeChavez https://t.co/RCmKVoRepS. Saludos. Importante abrir estos 2 link y ver estas ense√±anzas a cerca de la verdad del Coronavirus por 2 medicos uno mexicano y el otro d Guatemala. https://t.co/43sNl5JcNu
2020-03-13T04:26:38+00:00,C√≥mo se est√°n preparando para afrontar a este Coronavirus ? Que loco todo.
2020-03-13T04:20:12+00:00,"Tiene #coronavirus Cuba me van a joder que #Venezuela no. 
Ahora que lo quieran tapar es algo t√≠pico en ellosüò†
#Covid_19"
2020-03-13T04:19:47+00:00,Qur bonito pensar en escenarios de porquer√≠a con respecto al coronavirus viviendo en el fucking comunismo venezolano.
2020-03-13T04:16:28+00:00,"#12Marzo En reuni√≥n con jefa @ZonaEducativaDC, directores de las direcciones y entes adscritos @MPPEDUCACION  se establecieron estrategias para la prevenci√≥n del Coronavirus en videoconferencia con los Estados.
@NicolasMaduro 
@psuvaristobulo @JorgePerezVZLA @MPPE_VCEUP https://t.co/iuOkrT5uEQ"
2020-03-13T04:16:06+00:00,@PedroKonductaz https://t.co/RCmKVoRepS. Saludos. Importante abrir estos 2 link y ver estas ense√±anzas a cerca de la verdad del Coronavirus por 2 medicos uno mexicano y el otro d Guatemala. https://t.co/43sNl5JcNu
2020-03-13T04:15:29+00:00,"El coronavirus nos va a afectar a todos economicamente, nosotros los m√∫sicos ya tenemos suspendidos todos los eventos.
Y as√≠ la cadena sigue, sufren los transportistas, back line, ing de sonido, etc. El a√±o pasado los apagones ahora la pandemia"
2020-03-13T04:14:30+00:00,"La sangre de CRISTO tiene poder.
.
.
.
#CoronaVirus #Pandemia #COBID-19
#maturin #motivado #ronaldoyendis #tendencia #happy #monagas #2020 #colombia #brazil #ecuador #chile #peru #argentina #mexico #bolivia #uruguay‚Ä¶ https://t.co/if4ZR85dWN"
2020-03-13T04:12:45+00:00,Sala Constitucional puede ayudar a salvar la falta de medcts para atender la emergencia por el Coronavirus condenando a los laboratorios farmac√©uticos a entregar medicamentos que necesite el Estado por no haber cumplido con la obligaci√≥n de producir dosis individualizadas https://t.co/A1OWTq05YQ
2020-03-13T04:11:24+00:00,#Covid_19 #coronavirus https://t.co/xTriGs8pkN
2020-03-13T04:06:57+00:00,Mi vecino escuchando canciones SAD y yo pensando en que no podr√© coger por el coronavirus üòÇü§¶‚Äç‚ôÇÔ∏è https://t.co/Ziyy1X5WGK
2020-03-13T04:00:55+00:00,Ese inc√≥modo momento en los que sientes los s√≠ntomas del Coronavirus üòÖüòêüò∑üíÄ https://t.co/tTqfvm2suW
2020-03-13T03:58:44+00:00,"¬øSer√° que el @SunsetRoll a√∫n sigue en pie? Aun queda tiempo para que pasen muchas cosas pero quiero  üèñüòéüé∂üé∏üé§
#Venezuela #Lecheria #PuertoLaCruz #Anzoategui #coronavirus"
2020-03-13T03:54:07+00:00,"Todos esos c√≥mplices de esta nefasta dictadura saben que el pueblo no se come el cuento que aqu√≠ no pasa nada con el Coronavirus,lo que pasa que ese grupo que nos toca todos los d√≠as  ver que vamos  a comer estamos es pidi√©ndole a Dios  nos proteja porque no tenemos $ como ellos."
2020-03-13T03:52:38+00:00,"As√≠ me imagino teniendo sexo con el coronavirus en venzuela üòÇüòÇ,  cierto que ni sexo tengo ü§¶‚Äç‚ôÇÔ∏è https://t.co/7RC75hLH3i"
2020-03-13T03:48:36+00:00,@nicolasmaduro el #Covid_19 entro a Venezuela desde 1998
2020-03-13T03:48:31+00:00,"2020 - el coronavirus nos va a matar a todos. 

Deja de compartir informaci√≥n falsa en las redes.üö´

üñêAlto a la histeria colectiva."
2020-03-13T03:47:22+00:00,·µÇ‚Å±À°·∂† ≥·µâ·µà·µí¬Ø\{`‡∑¥`}/¬Øüò∑   #coronavirus Bazar Chino https://t.co/BmrImvcigp
2020-03-13T03:46:05+00:00,La cervicobraquialgia me va a matar antes que el Coronavirus!
2020-03-13T03:45:22+00:00,Sintomas y Medidas preventivas para la contenci√≥n de la enfermedad causada por CORONAVIRUS. @NicolasMaduro @psuvaristobulo @RosangelaOrozco @charlychaves @hosray22 https://t.co/EAnDZPayqx
2020-03-13T03:44:38+00:00,Mira esta noticia https://t.co/sgxw9uJWPF
2020-03-13T03:42:28+00:00,"@alirio_rivas Puede ser coronavirus, pero de eso no morir√°s."
2020-03-13T03:38:02+00:00,"A m√≠ no me parece gracioso que la gente ande haciendo chistes o memes con el tema del #Covid_19 es una pandemia bastante delicada y mortal, por lo tanto d√©jense de tonter√≠as y p√≥nganse seri@s...
#MenosPreocupacion y #MasOcupacion"
2020-03-13T03:37:38+00:00,"Ma√±ana har√© un hilito en Instagram hablando sobre el coronavirus, creo que la desinformaci√≥n est√° matando a todos."
2020-03-13T03:34:07+00:00,"COMUNICADO | Fundaci√≥n Coraz√≥n Llanero Multimedia anuncia la suspensi√≥n hasta nuevo aviso de las audiciones estadales de Talento de Coraz√≥n Juvenil previstas para este 14 y 15 de marzo, como parte de las medidas preventivas por el coronavirus
#Prevenci√≥nYProtecci√≥nDelPueblo https://t.co/ahipSbmyMJ"
2020-03-13T03:33:04+00:00,Yo viendo tantos tweet sobre el Coronavirus https://t.co/Tw8MpaxO6M
2020-03-13T03:30:37+00:00,Quince equipos deportivos en cuarentena por el coronavirus https://t.co/uJjEXwEnNr
2020-03-13T03:30:06+00:00,"La Prevenci√≥n y Protecci√≥n es tarea de Todos y un L√≠der lo sabe, por eso prepara e instruye a los Suyos. ...No lo Olvides  (video obsequio de las #RRSS )

#corona #coronavirus #l√≠der #liderazgoentudia #coaching‚Ä¶ https://t.co/pyKd4K0yFv"
2020-03-13T03:29:22+00:00,"Estas son las medidas preventivas asumidas por nuestro Gobierno Nacional para evitar un posible contagio del Coronavirus (COVID-19) en nuestro pa√≠s.
#PrevencionYProteccionDelPueblo https://t.co/X3i09aboVD"
2020-03-13T03:26:31+00:00,"Guaid√≥: la gente no ha ido a marchar con nosotros por el coronavirus. Adem√°s quieren meternos ese virus en el C.U.L.O. para amedentrar a nuestra gente y eliminar a toda nuestra direccion pol√≠tica. 

#LaZurdaDeCh√°vez"
2020-03-13T03:26:30+00:00,El coronavirus llegando a Venezuela tratado de volver esto un desastre https://t.co/2JaDnHxm4n
2020-03-13T03:24:33+00:00,"EPA EPA EPA 
El mundo esta en locura !!! 

El coronavirus est√° cada vez m√°s arrecho"
2020-03-13T03:24:30+00:00,Aqu√≠ esperando que me de el coronavirus a ver si me muero ya parfavarrr
2020-03-13T03:23:02+00:00,2020 sorprendeme ay tiene el #Covid_19 que m√°s quieren üòÇ üòÇ üòÇ
2020-03-13T03:22:01+00:00,para el #Covid_19 en Venezuela le recomiendo acetamonofem üòÇ üòÇ üòÇ
2020-03-13T03:21:27+00:00,"Cuando todo el mundo est√° preocupado por el Coronavirus ahora llamado Convid19 y transformado en pandemia, ¬øQu√©  hago yo? Pan con Avena para y Canela... quedaron ricos, ya los prob√© https://t.co/BbUNYdHEHd"
2020-03-13T03:21:23+00:00,Fuck! Ni volleyball ni pool üëéüòê coronavirus I hate you
2020-03-13T03:18:52+00:00,por Dios si el gobierno neg√≥ la muerte de Ch√°vez por 3 meses tu crees que no van a negar el #Covid_19 no sean iluso
2020-03-13T03:16:18+00:00,"Yo he tratado de calmarme con el tema del #coronavirus, pero esto se sali√≥ de control. 
#Covid_19"
2020-03-13T03:12:26+00:00,"Sophie Gr√©goire Trudeau, esposa del primer ministro canadiense, dio positivo por #coronavirus y, por lo tanto, permanecer√° en cuarentena ""por un per√≠odo indefinido"". Su esposo Justin Trudeau tambi√©n permanecer√° en confinamiento solitario durante 14 d√≠as, seg√∫n su oficina #AFP https://t.co/srvy2JKtlQ"
2020-03-13T03:11:29+00:00,@lferflores17 me tiene inmune al coronavirus ya!! üòÇüòÇ https://t.co/9tYw2fqFOE
2020-03-13T03:10:16+00:00,si #Covid_19 me suspende en mayo el estreno mundial de r√°pido y furioso 9 se va declarando la III guerra mundial
2020-03-13T03:09:06+00:00,"Leo @lromerob En 1597, el fil√≥sofo brit√°nico Francis Bacon escribi√≥ una frase que se har√≠a famosa: ‚Äú¬†ipsa scientia potestas est¬†.¬†‚ÄúEl conocimiento mismo es poder."" Buen art√≠culoüòÉüëâ Knowledge is power: Lessons learned from Italy‚Äôs coronavirus outbreak https://t.co/4pxLiU8kcM"
2020-03-13T03:08:44+00:00,Yo s√≠ creo que el Coronavirus es una arma biol√≥gica ü§î
2020-03-13T03:07:28+00:00,"https://t.co/Uzi0wSWf2z
Aqu√≠ un v√≠deo con explicaciones de un internista infect√≥ logo venezolano que incluye datos de donde buscar informaci√≥n precisa sobre Coronavirus."
2020-03-13T03:07:13+00:00,#Covid_19 Un primer diplom√°tico contaminado en la sede de las Naciones Unidas en Nueva York. @ONU_es @franceonu https://t.co/lQwYdlHYdb
2020-03-13T03:07:00+00:00,El 2019 fue un a√±o tan hijo e puta que el coronavirus se llama COVID-19
2020-03-13T03:06:49+00:00,"La @FVF_Oficial y el Gobierno Nacional suspendieron toda actividad deportiva por el #Coronavirus . Pero es que ya en los estadios de f√∫tbol en Venezuela se activ√≥ desde hace tiempo, nadie asiste a los partidos, observamos estadios vac√≠os"
2020-03-13T03:06:09+00:00,"Nos vamos a morir por el coronavirus y nunca nos comimos, una desgracia."
2020-03-13T03:02:14+00:00,¬øC√≥mo se transmite el Coronavirus? ü§î
2020-03-13T02:59:46+00:00,"@jaarreaza Porque ustedes, el chavismo, son peores que el coronavirus"
2020-03-13T02:59:25+00:00,"@Leqrodriguez LAX-EZE se conectan muchos pasajeros de China Continental, Hong Kong , Asia Pac√≠fico es mejor que pase el desastre del #brote de #coronavirus , algunas Aerol√≠neas chinas apenas est√°n recuperando capacidad"
2020-03-13T02:59:19+00:00,"@gererfer Venezuela no est√° afectada por Coronavirus, porque es un pa√≠s fantasma. Nadie quiere visitarlo, sus habitantes permanecen en casa., una poblaci√≥n de ancianos, no  hay billetes, no hay gasolina..."
2020-03-13T02:58:09+00:00,Esta ma√±ana estaba haciendo chistes malos de coronavirus ahora estoy llorando porque ya no se van a dar todos los planes que tenia ü•∫üò≠
2020-03-13T02:49:30+00:00,"El venezolano es tan bipolar que Ma√±ana como es viernes se les olvida el coronavirus, terminan comprando su botellota de Ron y todos felices. ü§îü§îü§î

#SoloEnVenezuela"
2020-03-13T02:48:36+00:00,"üí°ESTA ES LA MAS IMPORTANTE DE TODASüí°.....
.
 Y ya que lo tenemos cerca... aqu√≠ les daremos algunas de las recomendaciones !!!
Por favor... A TOMAR EN CUENTA !!!
.
.
.
#prevencion #coronavirus #medidas #higiene‚Ä¶ https://t.co/2Zcz1KjhbA"
2020-03-13T02:48:06+00:00,"Personal del @ambumilvalencia asiste hoy a @caraboboinsalud donde se Instal√≥ tercer Estado Mayor de Salud en @CaraboboGB, enmarcado en el Plan Nacional de Prevenci√≥n y Contenci√≥n del #Covid_19 Coronavirus. üíõüíô‚ù§Ô∏è  #SaludParaTodos. https://t.co/iw0XGp6A0H"
2020-03-13T02:48:01+00:00,"@VeeronicaSofia Pobre cristiano... Le falta la cereza del pastel, q le caiga el CORONAVIRUS"
2020-03-13T02:46:15+00:00,"Y ya que lo tenemos cerca... aqu√≠ les daremos algunas de las recomendaciones !!!
Por favor... A TOMAR EN CUENTA !!!
.
.
.
#prevencion #coronavirus #medidas #higiene #codvid19 #caracas #Venezuela #hombres #mujeres‚Ä¶ https://t.co/wCxbVT44Xc"
2020-03-13T02:44:11+00:00,"@jguaido: cre√≥ la Comisi√≥n de Expertos de la salud del gobierno leg√≠timo, constituida por expertos especialistas en el √°rea de la salud para el manejo de la pandemia por el covid-19"
2020-03-13T02:42:48+00:00,"@BoliviaLibreNow Duele Bolivia Hija Predilecta del Libertador Sim√≥n Bol√≠var, pero debemos alzar nuestras voces al mundo,
#BoliviaMereceMAS 
#DictaduraEnBolivia,la Dictadora A√±e compra armas para asesinar y no atiende el Coronavirus ‚ù§Ô∏èüáªüá™"
2020-03-13T02:42:23+00:00,"el #coronavirus le va decir @jguaido
‚úîÔ∏è cerse la usurpaci√≥n
‚úîÔ∏è gobierno de transici√≥n
‚úîÔ∏è elecciones libres"
2020-03-13T02:39:07+00:00,¬øMe dejar√°s vivirlo Coronavirus? https://t.co/0hkWBZs4Z8
2020-03-13T02:39:01+00:00,"Desde la Juventud del PSUV #Portuguesa nos unimos a la campa√±a de prevenci√≥n del Covid-19 en Venezuela.
Convocamos a todas las organizaciones y movimientos juveniles a formar parte de √©sta lucha por preservar la salud de nuestro pueblo. @NicolasMaduro
https://t.co/elhvL7Pic6"
2020-03-13T02:37:57+00:00,"@joselui02124198 As√≠ como han ocultado estad√≠sticas, ocultar√°n lo que les de culillo. Seguro hay pocos insumos para detectar el COVID-19 y menos para tratamiento y los hospitales vueltos mierda. Ocultan porque saben que no hay capacidad de respuesta. Ya le est√°n echando la culpa a las sanciones."
2020-03-13T02:37:28+00:00,Me sorprende la ingenuidad de las personas que creen que en Venezuela no hay coronavirus.
2020-03-13T02:36:00+00:00,American Airlines üá∫üá≤ (AA) suspende sus operaciones en suram√©rica debido a las crisis del #coronavirus que afectar√° sus destinos a Suram√©rica y Europa https://t.co/1VJDXFBYbL
2020-03-13T02:35:29+00:00,Ir√°n pide ayuda al FMI por primera vez en 58 a√±os. Requiere recursos para atender la pandemia del coronavirus https://t.co/HblHZW8jne
2020-03-13T02:34:24+00:00,"Todos ""Tom Hanks di√≥ positivo para coronavirus"" 

Tom Hanks:
En mi mente /  En realidad https://t.co/OBDrO6p6er"
2020-03-13T02:32:48+00:00,"Negaron muerte de Ch√°vez
Negaron fraude electoral
Negaron desabastecimiento
Negaron muertes y represi√≥n
Negaron crisis el√©ctrica/econ√≥mica
Negaron presos pol√≠ticos
Negaron Crisis Humanitaria
Negaron corrupci√≥n 
Negaron violaciones DDHH

Por supuesto que van a negar el Coronavirus"
2020-03-13T02:31:24+00:00,La Guerra de los Simios tambi√©n es consecuencia del Coronavirus. #Covid_19 #SARSCoV2 https://t.co/WLIIenHkdv
2020-03-13T02:30:47+00:00,Informaci√≥n importante... #Coronavid19 #CoronavirusPandemic #Covid_19 #coronavirusenvzla #CoronaVirusVzla https://t.co/g9sdNwFwZr
2020-03-13T02:28:04+00:00,Hay coronavir√∫s en mi municipio D''''''': tengo miedo https://t.co/XDEPdWk1QX
2020-03-13T02:22:31+00:00,Tengo que tocar gente para subir mi sistema inmunol√≥gico pero si toco gente me da coronavirus por mi mal sistema inmunol√≥gico mmmmmm https://t.co/hs0PYNeS31
2020-03-13T02:21:44+00:00,"@marabina25 @DrodriguezVen Si, claro me imagino q ya saco a toda su familia para un pa√≠s libre de Coronavirus y donde haya hospitales preparados... compro muchas mascarillas para los q se quedaron y bastante gel antibacterial!Para los dem√°s programar√° algunas agendas especiales, congresos de la patria, etc"
2020-03-13T02:17:53+00:00,"Maldita seaaaaaaaaa, supuestamente confirmaron el primer caso de coronavirus en San Crist√≥bal"
2020-03-13T02:17:16+00:00,Excelente el audio del Presidente Guaido informando al pueblo las medidas que est√° tomando el gobierno interino en relaci√≥n al https://t.co/tX8Eqf5v7v las payasadas del usurpador
2020-03-13T02:12:36+00:00,"@bepocar Irresponsables, la gente que va a las iglesias en su mayor√≠a son adultos mayores / ancianos es decir LA POBLACION MAS VULNERABLE a tener complicaciones o morir por Coronavirus"
2020-03-13T02:04:19+00:00,"Importante saber como actuar si se presentan s√≠ntomas de una afecci√≥n respiratoria y acudir al m√©dico si se agudizan y generan dificultad para respirar.

La prevenci√≥n es nuestra mejor arma contra el Coronavirus @MPPAAguas @EvelynB_Vasquez @INDASASA https://t.co/RQilIyUnFV"
2020-03-13T02:03:54+00:00,"Supuestas evidencias de que el #coronavirus se desarroll√≥ y g√©nero en EEUU #13Mar 
 https://t.co/CHpuzV5Stf"
2020-03-13T02:03:17+00:00,"Mi novio tiene coronavirus, as√≠ que ni lo saluden y ni se le acerquen.

Gracias por su atenci√≥n."
2020-03-13T02:02:25+00:00,@StellaKarameloh No hay cifras reales porque apenas hay 300 kits para toda la poblaci√≥n de Venezuela y Maduro tiene el control absoluto sobre ellos. Es decir nadie est√° ocultando casos de coronavirus en Venezuela sino que probablemente ni siquiera han sido atendidos y muchos menos descartados
2020-03-13T02:00:35+00:00,üáªüá™ Anuncios del Presidente encargado Juan Guaid√≥ ante la amenaza del coronavirus üáªüá™
2020-03-13T01:53:58+00:00,@JosPastr @Turista8Gaia Coronavirus: la vergonzosa gesti√≤n del gobierno espa√±ol.
2020-03-13T01:51:31+00:00,@RevistaSemana seg√∫n semana Uribe lleva a Colombia el coronavirus
2020-03-13T01:50:34+00:00,"100% efectivo contra el Coronavirus, cualquier virus en la garganta es fulminado en el acto https://t.co/9TA3okCiWQ"
2020-03-13T01:48:58+00:00,"@Maryoriipj @Capotated Yo no habl√© de la crisis del petr√≥leo y la ca√≠da de las bolsas, hablo del impacto econ√≥mico de la crisis que puede causar el coronavirus https://t.co/IUGnB2fQhN https://t.co/l88Tsq7eAR"
2020-03-13T01:44:25+00:00,"Excelente exposici√≥n did√°ctica y clara para que todos 
lo entendamos, hasta con ejemplos!!!
Mi bello pa√≠s tiene los mejores m√©dicos 
del Mundo y no es ""clich√©""

Todo lo que debes saber sobre 
el Coronavirus con el Dr. Julio Castro....
https://t.co/Thorrwv9ah v√≠a @YouTube"
2020-03-13T01:39:00+00:00,"ya con casi, todo los evento deportivo parado por el #coronavirus a nivel mundial, que ir√° trasmitir ESPN y Fox este fin de semana"
2020-03-13T01:38:09+00:00,"@Capotated @Maryoriipj Creo que lo del lunes no fue por el coronavirus. Pero vuelos, hoteles, deportes, eventos, algunos pa√≠ses depende demasiado del turismo"
2020-03-13T01:37:15+00:00,No quieres ser el coronavirus de mi vida y volverme verga mi mundo?
2020-03-13T01:37:13+00:00,"Maduro miente al decir que necesita que se levanten las sanciones para enfrentar el #Covid_19.

La Licencia General 4C del @USTreasury permite que #Venezuela se exporten medicinas y equipos m√©dicos.

Ac√° el link de la licencia: https://t.co/WqO0NpraJ5 https://t.co/uPBHtqmrP9"
2020-03-13T01:37:03+00:00,En IM√ÅGENES: As√≠ es como el coronavirus ataca y secuestra a las c√©lulas sanas https://t.co/IRL28Z9RW5
2020-03-13T01:36:19+00:00,"@CMonteroOficial Sin duda que estos disociados ap√°tridas desean que llegu√© el Coronavirus a Venezuela.
As√≠ lo declaran en Programas Televisivos"
2020-03-13T01:35:53+00:00,"Ay, si me pude re√≠r cuando todos muy serios y preocupados pendientes de la charla del Covid-19, y dice el profe Luis, ay, si esa virus sali√≥ porque una culebra de puso a tirar con un murci√©lago. Jajaja"
2020-03-13T01:35:29+00:00,El coronavirus es una pandemia a nivel mundial lo dice la biblia que habr√° pestes y enfermedades guerras y rumores de guerras en diferentes lugares de la tierra el que tiene o√≠do que oiga y que Lee que lea m√°s
2020-03-13T01:32:50+00:00,"@Edurodriguezg
 Bill Gates en el 2015 predijo y alert√≥ al mundo que el pr√≥ximo virus podr√≠a matar a miles de personas en todo el mundo y hasta por el aire se pondr√≠an las personas contagiar y ser√≠a mil veces peor que el √âbola ¬°Incre√≠ble! #Coronavirus 3/4 https://t.co/28HbImJ7y0"
2020-03-13T01:32:16+00:00,"@primerapagina
 Bill Gates en el 2015 predijo y alert√≥ al mundo que el pr√≥ximo virus podr√≠a matar a miles de personas en todo el mundo y hasta por el aire se pondr√≠an las personas contagiar y ser√≠a mil veces peor que el √âbola ¬°Incre√≠ble! #Coronavirus 3/4 https://t.co/28HbImJ7y0"
2020-03-13T01:31:39+00:00,"@Fredyandradea 
 Bill Gates en el 2015 predijo y alert√≥ al mundo que el pr√≥ximo virus podr√≠a matar a miles de personas en todo el mundo y hasta por el aire se pondr√≠an las personas contagiar y ser√≠a mil veces peor que el √âbola ¬°Incre√≠ble! Coronavirus 3/4 https://t.co/28HbImJ7y0"
2020-03-13T01:31:14+00:00,Me pregunto querida Marianella ¬øy el gobierno interino no deber√≠a tener ya un informe de lo que realmente pasa en el pa√≠s con el coronavirus? ¬øPor qu√© el presidente encargado Guaid√≥ no se ha dirigido a los venezolanos para decirles  lo que pasa con un tema tan delicado? https://t.co/COJLReNlUJ
2020-03-13T01:29:46+00:00,"@TarekSaidVzla 
 Bill Gates en el 2015 predijo y alert√≥ al mundo que el pr√≥ximo virus podr√≠a matar a miles de personas en todo el mundo y hasta por el aire se pondr√≠an las personas contagiar y ser√≠a mil veces peor que el √âbola ¬°Incre√≠ble! #Coronavirus 3/4 https://t.co/28HbImJ7y0"
2020-03-13T01:24:47+00:00,D√≠ganle a m√≠ madre que las cebollas cortadas no sirven para combatir el Coronavirus #Cebolla #MadresPrecavidasValenX2
2020-03-13T01:24:00+00:00,"#12Mar #INAMEHInforma || La tarea con el #Covid_19 es la Prevenci√≥n. ¬øQuieres saber de qu√© se trata? ¬øQu√© medidas tomar?
@tutiempopereira
@NestorLReverol https://t.co/fQ22WzmFJN"
2020-03-13T01:22:13+00:00,"@jguaido T√∫ eres peor que el coronavirus. Mitomano, enfermo. Cu√°ntos d√≥lares m√°s quieres si ya est√°s forrado 10% en d√≥lares."
2020-03-13T01:22:09+00:00,Un poco de Inteligencia Emocional . Informaci√≥n valiosa para compartir en estos tiempos. ¬øC√≥mo frenar el p√°nico al coronavirus?üí•: https://t.co/mPTEsN4Ddi
COVID-19,@IlseGueva @rubensyanes Si lo dijo entre otras muchas locuras
2020-03-13T01:21:20+00:00,Hoy #12M Vzla amanece con #SaludEnProtesta por la grave condici√≥n de los hospitales y el riesgo que implica el coronavirus para un Estado fallido sin pol√≠ticas sanitarias eficientes. #PliegoNacionalDeConflicto https://t.co/B0wAuM7CXq
2020-03-13T01:20:18+00:00,"@planwac Tuiterazo: Gobernador de Ohio dice que el 1% de la poblaci√≥n, unos 100 mil casos, tiene Coronavirus. ¬øY entonces? Si es as√≠, significa que esto empez√≥ en EEUU y no en China... Dif√≠cil de entender, como dice √©l mismo."
2020-03-13T01:18:23+00:00,"Vamos a aislarnos todo este fin de semana enpiernados para no tener coronavirus 

Enviar."
2020-03-13T01:17:26+00:00,"#12Mar Nos reunimos con los jefes y responsables de los gobiernos comunitarios de los cuadrantes del municipio Zamora donde revisamos las medidas aplicar para combatir el #Covid_19 

@NicolasMaduro 
@HectoRodriguez https://t.co/Fs1Gij3v9R"
2020-03-13T01:16:37+00:00,Al parecer los chinos le ganaron la guerra al Coronavirus.BuenoEE.UU.Apreten ese cu erpo pues Vienen por Ustedes... https://t.co/wn7qsAY9Sg
2020-03-13T01:15:23+00:00,"Tomemos las medidas ante la multiplicaci√≥n del Coronavirus! 
alcaldiabaruta en Alcald√≠a de Baruta https://t.co/fi8ipxu2rf"
2020-03-13T01:15:19+00:00,#12Mar La Secretar√≠a de Industria y Comercio de Miranda se reuni√≥ con la C√°mara de Peque√±os y Medianos Industriales de Plaza y Zamora con el objetivo de informar las medidas que debemos aplicar para la prevenci√≥n del contagio del #Covid_19 en las industrias de  Guarenas y Guatire https://t.co/fiyqJ3D0zM
2020-03-13T01:12:28+00:00,"Desde la Juventud del PSUV #Portuguesa nos unimos a la campa√±a de prevenci√≥n del Covid-19 en Venezuela.

Convocamos a todas las organizaciones y movimientos juveniles a formar parte de‚Ä¶ https://t.co/WtPl48x3fK"
2020-03-13T01:10:44+00:00,"Sigo pensando que en Vzla hay #coronavirus pero el sistema de salud no est√° capacitado para saberlo üëÄ sin embargo, estoy de acuerdo en las acciones preventivas, siempre es bueno actuar antes de üòä"
2020-03-13T01:10:39+00:00,"Como buen medico en un pa√≠s en donde la mayor√≠a de especialistas se han ido en pro de mejores condiciones de vida el COVID‚Äî19, es una realidad mundial y que casualidad aca en Venezuela No ha llegado. Ser√° como la copa mundial de f√∫tbol en donde nunca hemos participado? https://t.co/OONGV1MnAy"
2020-03-13T01:07:29+00:00,Hoy #12M Vzla amaneci√≥ con #SaludEnProtesta por la grave condici√≥n de los hospitales y el riesgo que implica el coronavirus para un Estado fallido sin pol√≠ticas sanitarias eficientes. #PliegoNacionalDeConflicto https://t.co/2sJnAMZEfZ
2020-03-13T01:06:53+00:00,"üåé | Conoce cuales son las medidas para prevenir el coronavirus y los sintomas que diferencian a la enfermedad que ha cobrado la vida de m√°s de 4.500 personas en todo el mundoüè•

#LaPrensaLara #LaPrensa #12Mar‚Ä¶ https://t.co/kXaHPF043v"
2020-03-13T01:05:47+00:00,"Vi una publicaci√≥n y que ""el coronavirus es mundial, y como Venezuela nunca va pueeeees.... ü•≥ü•≥""

Jajajajajaja. Estoy llorando. üò¢üò¢üò¢"
2020-03-13T01:05:30+00:00,FIFA confirm√≥ postergaci√≥n de las eliminatorias sudamericanas por la crisis del Coronavirus https://t.co/B07ZzuCU69
2020-03-13T01:02:04+00:00,"@Yanni @Krystalan_C Be careful with the COVID-19 VIRUS, please... üò∑üò¢"
2020-03-13T01:00:58+00:00,Est√° pandemia del #Covid_19 debe sacar lo mejor de cada ser humano en el Mundo (volvernos m√°s humanos) Dios se apiade de todos https://t.co/k6ZXph3Hoc
2020-03-13T00:58:21+00:00,"üáªüá™ Presidente @NicolasMaduro: Nos hemos puesto en contacto con nuestros socios de la OPEP y aliados no OPEP para tomar iniciativas de di√°logo y reencuentro, de b√∫squeda de soluciones. #Covid_19 
@OPECSecretariat  #Prevenci√≥nYProtecci√≥nDelPueblo https://t.co/QYhwpG83HE"
2020-03-13T00:56:02+00:00,"Cosas que no me mataron cuando las sufr√≠:
- Dengue cl√°sico
- Dengue Hemorr√°gico
- Chikungunya
- Zika
- Lechina (de adulta)
- Asma
- Comunismo
- Delincuencia

El coronavirus no ser√° la excepci√≥n, ¬øok? Ok."
2020-03-13T00:52:45+00:00,"@crittttico El Coronavirus de llama COVID-19 porque pertenece a la familia de los Coronavirus. Por ejemplo, el SARS (se acuerdan?) es uno de ellos.
Si googlean patentes de Coronavirus de llevar√°n un sorpresa. Av√≠senme por favor."
2020-03-13T00:51:11+00:00,"1) En el estado Sucre aparecieron de nuevo las Palometa Peludas( Hylesia Metabus) lo que implica un problema de salud p√∫blica y ambiental creo que peor que el #Covid_19 Este insecto viene a poner a√∫n m√°s dram√°tica nuestra situaci√≥n, este genera una alergia que viene acompa√±ada +"
2020-03-13T00:50:08+00:00,Coronavirus | La NBA suspende la competici√≥n despu√©s de que un jugador diera positivo por covid-19 https://t.co/8Yd4IkauLC
2020-03-13T00:48:15+00:00,@Rafp_25 Coronavirus
2020-03-13T00:46:52+00:00,Metro de Caracas aplicar√° desinfecci√≥n peri√≥dica para prevenir el coronavirus | ja ja ja ja esta gente se volvi√≥ fue loca si no pueden mantener limpias las estaciones van a desinfectar ja ja ja que locuraüò†üò†
2020-03-13T00:46:29+00:00,"El coronavirus es como cualquier artista musical.

La gira por Latinoam√©rica no incluye a Venezuela."
2020-03-13T00:46:00+00:00,"Diferencias entre Coronavirus - Gripe - Resfriado‚§µ

Fuente: OMS

#Covid_19 https://t.co/bSKCcZWrz7"
2020-03-13T00:45:37+00:00,"Bueno ,, ese es uno de los hospitales , !! Que dice maduro ! Que esta preparado para atender la pandemia del coronavirus,,, https://t.co/EOVW1TwA2s"
2020-03-13T00:45:08+00:00,"Con este COVID-19 tamos m√°s que jodidos, muchos se aprovechar√°n de la necesidad ajena para hacer dinero. As√≠ como con la gasolina, medicamentos, el gas, todo lo que sea de primera necesidad.
Venezuela est√° llena de mierda. https://t.co/RCTubV6mdN"
2020-03-13T00:41:22+00:00,"@Gus_Castell Las Sanciones no contemplan Medicinas o equipos m√©dicos ni Alimentos Madur√≥ manipula la informaci√≥n,a su antojo,y ahora c aprovecha d la crisis x el coronavirus para tratar d confundir y victimizarse para q la comunidad internacional le quite la soga d las Sanciones"
2020-03-13T00:38:36+00:00,"#Covid_19 #VAMOS_TROPA
üì¢¬°LA ETIQUETA DEL D√çA!‚è©#PrevencionYProteccionDelPueblo
üíñ@NicolasMaduro
üíûüíñ@LalesCoa
üíñ‚≠êüíñ@BontempsCesar
üíû‚≠êüíéüíñ@yasmi70
üíñ‚≠êüíéüíûüíñ@Zuli47357884
üíû‚≠êüíéüíûüíñ@JoseS01104226
üíñ‚≠êüíéüíûüíñ@JeanC_Figueras
üíû‚≠êüíéüíñ@avelinosalazar7
üíñ‚≠êüíñ@Athays3
üíûüíñ@Zulima2828 https://t.co/KtbQ6eAT6D"
2020-03-13T00:37:51+00:00,Las se√±oras del cafetal habr√°n creado un grupo aparte para las notas y videos sobre el coronavirus?
2020-03-13T00:35:07+00:00,"Sent√© a toda mi familia en la sala de la casa porque ten√≠amos que hablar acerca de la prevenci√≥n que tenemos sobre el coronavirus.

Nadie me hizo caso; mi abuela dijo que le mandaron una cadena de WhatsApp d√≥nde la ense√±aban a hacer un antibacterial con malhojilo. https://t.co/gwop8Egu57"
2020-03-13T00:33:18+00:00,Cansadita ya de escuchar vainas del Coronavirus üò≠
2020-03-13T00:30:43+00:00,"Gracias al #coronavirus podr√© aplicar el saludo de lejitos y no parecer odiosa.

Punto para el Coronavirus ‚úÖ"
2020-03-13T00:30:21+00:00,"#VIDEO üìπ | Instalaci√≥n del Puesto de Comando Presidencial con el objetivo de hacer control y seguimiento a las medidas que promueven las autoridades para evitar el contagio de Covid-19  

#Prevenci√≥nYProtecci√≥nDelPueblo https://t.co/bxbHwDYSbv"
2020-03-13T00:29:39+00:00,Coronavirus: las pandemias que pusieron al mundo en alerta en la historia reciente (y c√≥mo se afrontaron) https://t.co/5KN6e9aJF3
2020-03-13T00:29:24+00:00,"Guaid√≥ hablando del Coronavirus en #Venezuela, horas despu√©s de la cadena nacional del presidente @NicolasMaduro, donde decret√≥ la emergencia sanitaria como el Jefe de Estado que es. 

¬øQu√© pas√≥ Juan? ¬øPor qu√© no hablaste primero?

PAT√âTICO y ENFERMO https://t.co/ggggoin7qk"
2020-03-13T00:29:00+00:00,Eso del Coronavirus me tiene asustada
2020-03-13T00:28:59+00:00,"Marico todo mi Twitter est√° repleto de vergas del coronavirus, ya que co√±o, me ando leyendo todo."
2020-03-13T00:28:56+00:00,Que invadan los yanquis o que llegue el coronavirus. https://t.co/IE5DYfG99T
2020-03-13T00:28:20+00:00,"#Repost @rafaelcalles
‚Ä¢ ‚Ä¢ ‚Ä¢ ‚Ä¢ ‚Ä¢ ‚Ä¢
#SUSPENDIDAS todas las reuniones masivas para evitar el cultivo del #coronavirus en Portuguesa (state) https://t.co/cTPGMyhLEZ"
2020-03-13T00:28:07+00:00,"@ale80morales @Javierito321 Todos moriremos @ale80morales ,no todos de coronavirus, pero todos moriremos."
2020-03-13T00:27:45+00:00,"Mi hijo es autista y en ocasiones debo repetirle las cosas, el y yo andamos resfriados, y le digo constantemente.
-Tienes un resfriado.
 Va a la farmacia y la cajera le pregunta. 
-Porque no me saludas?
-Porque tengo Coronavirus.
#Coronaloamo üòÅüòÇüòçüíï"
2020-03-13T00:25:51+00:00,"Mi mam√° anda loca comprando mascarillas, alcohol antibacterial y toda clase de vergas para combatir al coronavirus, yo solo quiero comprar 3 brazos de belmont switch y encerrarme en cuarto."
2020-03-13T00:25:17+00:00,#Covid_19 El metro con fallas como siempre una locura üßõüßõ
2020-03-13T00:25:03+00:00,"Bueno maduro hace un llamado de emergencia por el coronavirus, entonces donde esta guaido la verdad que esto es de locos. Quien gobierna ?"
2020-03-13T00:24:30+00:00,"Colaborando  contra el #coronavirus fabricaci√≥n casera de Gel Antibacterial

#Venezuela 
#publicidad 
#Caracas 
#Antibacterial
#pandemia
#covid19
#salud
#publicidad
#paveca
#todoscontaelcoronavirus en Caracas https://t.co/Ke5UdPvwqY"
2020-03-13T00:23:54+00:00,"Maduro quiere patear nuestra inteligencia, haciendo revisi√≥n por el coronavirus: sin guantes ni tapaboca, y seguro no son ni personal de salud. Que burla al pueblo y al mundo. Colmo del rid√≠culo. https://t.co/Rz57ERL8mR"
2020-03-13T00:23:04+00:00,"üëâ COMUNICAMOS üëà
En apego de las directrices emanadas del Ejecutivo Nacional, la Asociaci√≥n Cultural ""Conoce La Gnosis"", informa la suspensi√≥n de todas las actividades p√∫blicas, pautadas para el mes de Marzo.
#ULTIMAHORA #Covid_19 #EmergenciaSanitaria https://t.co/6EvwGjcdSO"
2020-03-13T00:22:34+00:00,Cuando pregunto c√≥mo van? Que han dicho? Cuando lo llaman? Est√°n a la espera del proveedor con los cat√©teres y el contraste. Y va estar preparado el hospital coromoto por alg√∫n caso de coronavirus? No se√°is tan cara e tabla mardito maduro.
2020-03-13T00:18:16+00:00,"#ULTIMAHORA Mons. Alfredo Torres: ""Ratificamos nuestra solidaridad con el Pueblo. Mantengamos la calma y la confianza en Dios. En esta Di√≥cesis no se han suspendido las Misas. A su momento se dar√°n las debidas orientaciones preventivas frente a esta Pandemia"". #Covid_19 https://t.co/355DBCZgZb"
2020-03-13T00:14:56+00:00,"#Repost @rafaelcalles
‚Ä¢ ‚Ä¢ ‚Ä¢ ‚Ä¢ ‚Ä¢ ‚Ä¢
Presidente nicolasmaduro #CONFIRMADO Coronavirus no ha llegado a Venezuela en Portuguesa (state) https://t.co/BFtHH5lEj0"
2020-03-13T00:14:43+00:00,"El coronavirus controlado en China, pero propag√°ndose por el resto del mundo be like... 

 https://t.co/QQImoQaZ86"
2020-03-13T00:11:46+00:00,EL CORONAVIRUS ME TIENE HARTA. MARICO DIOS MIO DEJEN DE CAER EN HISTERIA Y SIGAN LOS PASOS. MAS GRAVE ES EL VIH Y ESTAN AH√ç COGIENDO SIN COND√ìN.
2020-03-13T00:11:13+00:00,"En un hipot√©tico caso de que nos alcance el #Covid_19  las tareas y  clases ser√°n por ""internet"".
Yo conozco a una maestra en #LosFrailes de #Catia  que tiene #UnA√±oSinABA de @ContactoCantv 
cosas que me pregunto en mi ignorancia, ¬øC√≥mo har√° la maestra para corregir?
#DigoYo"
2020-03-13T00:10:21+00:00,#porquePrevenirestareadeTodos Presentaci√≥n de videos alusivos al coronavirus s√≠ntomas y Medidas Preventivas https://t.co/m9AOIcJYEA
2020-03-13T00:09:31+00:00,Pronunciamiento de @jguaido sobre el coronavirus https://t.co/2Cow4m4C41
2020-03-13T00:09:19+00:00,"Si suspenden todo, si debemos estar encerrados en casa por el covid-19, como trabajamos para comprar comida y medicinas?"
2020-03-13T00:09:05+00:00,"#Secretar√≠aPoliticaPsuv üö© Informa y te gu√≠a prevenci√≥n del #Covid-19
@NicolasMaduro https://t.co/8JG9MmiFjm"
2020-03-13T00:08:58+00:00,Si me llega a dar coronavirus voy a rumbear y coger hasta el √∫ltimo aliento üòÇ
2020-03-13T00:08:52+00:00,"Informaci√≥n importante sobre el CORONAVIRUS.
.
.
Recib√≠ est√° informaci√≥n y me pareci√≥ importante e interesante, espero les sea de ayuda
.
.
#salud #saludcare #pandemia #healthy #caracas #venezuela #coronavirus en‚Ä¶ https://t.co/6f77av0okh"
2020-03-13T00:08:39+00:00,Y con el #Covid_19 rodando. Peligroso el metro por donde se le vea.. üòß https://t.co/RXhbkK20Nz
2020-03-13T00:05:42+00:00,"Es v√°lido hacer concurso de quien usa mejor una bolsa pl√°stica en la cabeza, para pasar el rato digo #Covid_19"
2020-03-13T00:04:57+00:00,Me acabo de comer unos mangos con adobo de el centro de Maracaibo ¬øya soy inmune al coronavirus?
2020-03-13T00:04:19+00:00,"@ansalomonico68 La pandemia del coronavirus pasar√° y ser√° superado pronto en el mundo,pero cabe esperar que Maduro mantenga por alg√∫n tiempo la prohibici√≥n de concentraciones y eventos masivos para evitar protestas de la oposici√≥n."
2020-03-13T00:00:50+00:00,@hdgc26 Busca cobres y gasolina antes de q llegue el Coronavirus
