created_at,text,
2021-04-28T17:26:59+00:00,"üöë El hijo de una amiga sufri√≥ la picadura de un insecto en un ojo. Requiere los siguientes medicamentos:

-Dexametasona, 3 ampollas de 8mg.
- Dipirona, 1 ampolla de 1mg.
- Alergot o Azelastina en gotas.
- Loratadina en jarabe.
- Acetaminofen en jarabe.

#SanCristobal https://t.co/7Rl1EevZnY",
2021-04-24T13:36:31+00:00,Buenos d√≠as quien tenga informaci√≥n exacta y no precios tan abruptos para recargar Bombona de ox√≠geno se le agradece por la informaci√≥n se necesita para un vecino de otra Urbanizaci√≥n cercana a la que vivo,
2021-04-24T13:34:00+00:00,"@VirguezFranklin Reflexione!!  Quienes son los reales genocidas ? ... 1 bombona de ox√≠geno costaba 40$ y ahora 400$.... salud. Una harina pan costaba 0,70$ ahora 1,20$ Comida ...genocida es el gobierno o somos nosotros mismos !  Maldito oportunismo CRIOLLO ! Ven por qu√© ? No cae el sistema ! üî∫üî∫",
2021-04-24T13:25:07+00:00,"Reflexione!!  Quienes son los reales genocidas ? ... 1 bombona de ox√≠geno costaba 40$ y ahora 400$.... salud. Una harina pan costaba 0,70$ ahora 1,20$ Comida ...genocida es el gobierno o somos nosotros mismos !  Maldito oportunismo CRIOLLO ! Ven por qu√© ? No cae el sistema ! üî∫üî∫",
2021-04-22T14:07:09+00:00,"Muchos pagan lo que no tienen por una bombona de oxigeno...Ya son tres d√≠as quemando nuestro pulm√≥n Vegetal frente a Terrazas del mar y Guadalupe, via el Rinc√≥n y Nadie hace nada. https://t.co/2rkMmhOdzU",
2021-04-22T00:50:53+00:00,"#ServicioPublico

Se solicita bombona de oxigeno para Carla Angola.
Se la pueden llevar a su cuenta tuiter.",
2021-04-20T23:23:45+00:00,"@LuisOlavarrieta @mich_vr Disponible Cisplatino, dexametasona, ondasetron Contacto v√≠a WhatsApp +58 414-2539068",
2021-04-19T13:58:58+00:00,"@DUINCONSUELOC @MGVenezuela Dexametasona de 8 ml $2,50 cada ampolla",
2021-04-18T22:43:10+00:00,"@LLIANKTIRA S√≠, cierto. Hace poco la OMS se√±al√≥ que ese medicamento (que es un antiparasitario) no tiene ning√∫n efecto en los pacientes con covid y pidi√≥ dejar de usarlo, al igual que la dexametasona y la hidrocloroquina.",
2021-04-18T01:06:49+00:00,"Buenas noches, por favor quien me puede colaborar e informarme donde se puede conseguir una bombona de ox√≠geno en 
Maracaibo,  gracias",
2021-04-17T11:51:23+00:00,"Ampolla con ye de yoyo üò±üò±üò±üò±.

Por cierto, la OMS desestim√≥ la efectividad de la dexametasona para tratar la covid, as√≠ como el antiparasitario ivermectina. https://t.co/qJxLDzSCLv",
2021-04-16T23:45:05+00:00,@MGVenezuela @PublServ @farmarebajas @FarmaciaWuiston @Farmarato @SOSDonaciones @DonaMed_VE Disponible Clexane de 40 mg x 2 ampollas y Dexametasona de 8 MG/2 ml. Cont√°ctenos v√≠a WhatsApp al n√∫mero +58 414-2539068,
2021-04-16T21:35:04+00:00,"Que m√©dicamento es su santo grial? Para m√≠ por mucho la Dexametasona, son demasiados los usos que tiene, claro sin hacer su uso abusivo y prolongado.",
2021-04-15T14:43:52+00:00,"#ServicioP√∫blico El profesor Luis D√°vila del CP Jes√∫s Ma Marrero de #Guarenas requiere ayuda econ√≥mica para costear los medicamentos y la recarga de la bombona de ox√≠geno que, gracias a Dios, su familia ya le consigui√≥. Cualquier aporte, por peque√±o q sea, cuenta y vale mucho ‚ù§Ô∏è https://t.co/6dYq1sb54J",
2021-04-15T03:19:34+00:00,"@rigotordoc @santiagobacci Hoy me piden opini√≥n acerca de un caso no conocido. MC fiebre, malestar, tos. Consulta un neumonologo:eco pulmonar Dx neumon√≠a covid19. No lab, no im√°genes radiogr√°ficas. Tto: favipiravir+lomefloxacina+ Dexametasona+fraxiparina + Aspirina. Todo primera consulta. No hay derecho.",
2021-04-13T19:22:49+00:00,"Disponible Dexametasona 8mg/2ml en $2,5 cada ampolla. @BuscandoMedicin #dexametasona #farmaciaesenciavital https://t.co/Y65eQrOSgw",
2021-04-13T01:13:12+00:00,"Hola amigos nuevamente paso por ac√° por su ayuda. Tengo 2 bombonas de ox√≠geno en alquiler en Caracas, eran de mi abuelo pero lo tuvimos que hospitalizar, a√∫n necesitamos costear los gastos de medicamentos y ex√°menes. Si conocen a alguien que est√© en b√∫squeda de una bombona 1/2",
2021-04-06T20:43:12+00:00,@ElRatonJodedor Hay q decirles los arrechos respiran sin bombona de oxigeno  puuyalooo!!!,
2021-04-06T18:53:15+00:00,"La doctora que revis√≥ a mi pap√° me dijo: Te doy 2 opciones, o consigues una bombona de oxigeno YA, o lo tenemos que hospitalizar de inmediato. Afortunadamente pudimos cumplir con la 1era. Mi solidaridad con todos los que se encuentran en los hospitales batallando.",
2021-04-05T23:13:47+00:00,"Buscar Ox√≠geno en Caracas es Misi√≥n Imposible y la nueva modalidad para estafar a los familiares de los enfermos de COVID19, el alquiler de una bombona puede costar 120$ semanales f√°cilmente y eso sin contar los gastos de alimentos y medicinas.",
2021-04-05T10:39:00+00:00,"@Edurodriguezg #Atiempo buenos d√≠as, me pregunto donde est√°n todas esas pruebas r√°pidas y de PCR que han llegado por toneladas al pa√≠s? Puede el ciudadano com√∫n pagar $60 por una PCR? $450 x bombona de ox√≠geno? $50 x recarga? La gente morir√° en sus casas, triste realidad",
2021-04-05T01:57:35+00:00,"@NicolasMaduro Mi Sr. Pdte. Maduro, muy Buenas Noches!  Agradezco de antemano, su valioso apoyo incondicional, es para m√≠ una Bombona. ox√≠geno, ya q mi Quincena No logra cubrir mis necesidades ! Tengo a mi mam√° con Marca paso y tratamiento intenso! ‚ù§Ô∏èüôèüôè‚ù§Ô∏è‚ù§Ô∏è",
2021-04-04T14:39:56+00:00,"@luisfcocabezas Es evidente.....me pus√© algo m√°s de ese promedio, igual q dexametasona y antibi√≥ticos.... material medico desechable...sin dinero no me hubiese curado... se me fueron gran parte de los ahorros de mi vida....sufro por el testo delos Venezolanos",
2021-04-02T03:50:22+00:00,"""La vaina esta arrecha para el que rasgu√±a una puya, y no tiene para pagar a cada rato 25$ por una bombona de ox√≠geno...
lo normal y digno es un Venezolano que administre lo mucho o poco que consigue... Por que de lo contrario, ser√≠a un carajo que viva de la droga y extorsi√≥n.",
2021-04-02T02:06:57+00:00,"@sandratmm2025 @Adiinson @droscarnoguera @Ecastillo1226 @fpachano @ConotoLlanero Eficaz sola o en asociacion con dexametasona, en las primeras 24 horas de ingreso a uci, con ventilaci√≥n mec√°nica y en la etapa hiperiiflamatoria",
2021-04-01T03:15:38+00:00,"@AVenezuelaPaz @Karinabarbosa Lo cierto es que hay tanta informaci√≥n que al final es una desinformaci√≥n.  As√≠, los antibi√≥ticos, redemsivir, dexametasona, las mismas vacunas
Pero de verdad s√© de m√©dicos q se los dan a sus empleados, y estos se lo dicen a familia y amigos y ah√≠ se riega la informaci√≥n",
2021-03-31T13:26:42+00:00,No tengo ya ni fuerza para cargar una bombona de oxigeno... Esa vaina si pesa,
2021-03-30T12:43:16+00:00,@RaizaLn Hola Ra√≠za. No se puede pasar al centro sin salvo conducto. Nadie me da la cola as√≠. De hecho nadie ofrece la cola ni pagando. Le estoy administrando los medicamentos indicados. Ya la dexametasona no se aplica mas. Queda el antibi√≥tico y el analg√©sico y orar .,
2021-03-30T03:43:25+00:00,1300 $ una bombona de ox√≠geno es una locura. No ae cuanto vale en realidad. Pero creo que es un exceso y evaluando que todo es as√≠ en Venezuela no me extra√±ar√≠a que tambi√©n hagan usura de esp.,
2021-03-30T02:09:26+00:00,"El 80 % de los pacientes con COVID-19 son leves y  en esos casos NO SE USA ni ox√≠geno, ni dexametasona, ni ivermectina, ni remdesivir. El tratamiento es SINTOM√ÅTICO . No conozco a√∫n un acetaminofen o una loratadina que valgan m√°s de 50 $. https://t.co/Fhdmlcic9o",
2021-03-29T07:18:33+00:00,Requiero una Bombona de ox√≠geno. me encuentro en Monagas Maturin Sector Brisas del aeropuerto... @alexagomez2000 @MamaLisVzla https://t.co/ZgVjP74tIe,
2021-03-29T00:52:02+00:00,"@genesisgsuarez_ @SofiaGranger Si le sirve de algo, la dexametasona viene en ampollas de 4mgs/1 cc, y trae 2 cc, es decir la ampolla es de 8 mgs.
Enoxaparina solo se consigue de 40 mgs, la de 60 pr√°cticamente esta desaparecida, cons√∫ltelo con el m√©dico",
2021-03-28T21:51:49+00:00,"@Aquilesv04 Es solo aire h√∫medo por favor, no repliquen eso. No es ox√≠geno ni tenemos branquias como los peces. La concentraci√≥n jam√°s superar√° el 20% de PO2 incluso menos que el medio ambiente. No es cierto, es falso! Necesitan la bombona de ox√≠geno adicional",
2021-03-28T19:15:39+00:00,@genesisgsuarez_ @AbuelaGilvanni Disponible Enoxaparina de 1 g y dexametasona. Cont√°ctenos por dm o WhatsApp +58 414-2539068,
2021-03-28T02:12:07+00:00,@Francortinas10 Y s√∫male una bombona de Oxigeno o un Concentrador. Los estados de las personas por WhatsApp son casi iguales. Donde los alquilan. üòî,
2021-03-27T22:05:02+00:00,"Voy a la farmacia. Hay seis personas delante de m√≠, todas comprando Azitromicina, Ivermectina, dexametasona o ""el combo anticovid"" .  ""(La covid) me est√° soplando la nuca Marce"" üòî https://t.co/YpsBUQNVNI",
2021-03-27T21:10:22+00:00,#Serviciopublico en #Farmatodo hay Dexametasona de 4mg pastillas en 2.900.000Bfs y ivermentina s√∫per econ√≥mica  en comparaci√≥n a otras farmacias.,
2021-03-27T18:52:00+00:00,"Porfavor es mi t√≠o, cualquier ayuda estaremos muy agradecidos... 
La bombona de oxigeno son muy costosas y est√° en una etapa grave de Covid a dem√°s del tratamiento... 
Ay√∫denme a compartir porfavor!!! https://t.co/mdEVRyE4ua",
2021-03-27T15:09:07+00:00,@Fredypm @burundango1970 @Klobo91 @Samurai16157668 @RamadanMezVzla @Fooros @3lS0ld4d0R0j0 @HUS07777781 @1961Tokio @leonardo19741 @PriscilianoManu @IIuminat @Florencia90102 @Dante27579076 @CarpinteroAlejo @SanchezPinedaA2 @JuanCalosoooooo @AlexRodrilobo @Freihei77513885 @Jose33076037 @Tropatriunfante @Viejis39 @saintmayo1981 @WilfredoNc @r_taribo @kris_indignada @OnlineFighterVe @Casanay1910 @Monknk1 @thegreattiger @RiegoPineda @MirafloresEl @antoniovaldez6 @rosdabella @FratriaSpartak @yaruabella @pilarneo58 @tawfi78682819 @jmorchio @ChalecosAmarill @la_lunerita @dpiloncita @benito3fantomas @ThomasBrown2020 @HaIconn @Corsarionegro5 @ArmandoInfo @Urdanet03364722 @mbachelet @Almagro_OEA2015 Y cu√°l es la cifra de infecci√≥n de COVID del Per√∫? La de Venezuela? Porque los peruanos aborto cerebral hacen cola por bombona de ox√≠geno? Porque en Per√∫ se removieron autoridades por el mal manejo del COVID? Cuando Per√∫ arregle ese desastre puedes hablar de COVID en Vzla,
2021-03-27T12:36:25+00:00,#CIUDADBOLIVAR busco concentrador o bombona de oxigeno grande urgente comunicarse al 04249466422,
2021-03-26T07:02:13+00:00,"Pienso en la cantidad de gente que anda buscando ox√≠geno y no tienen como pagarlo mientras los IRRESPONSABLES del gobierno lo mandan por gandolas a Brasil para pintar una de abundancia y solidaridad.
30$ vale llenar una bombona aqu√≠ @NicolasMaduro CDTM!",
2021-03-26T01:39:22+00:00,Necesito una bombona de oxigeno URGENTE para @yb_dani por favor @alexagomez2000 @Lamaestra09 @Eglisant @mcrd1972 @ptopelo @YENNY0_LEE @Tamara_Navarro @TAMARA_SUJU @_RoqueCastro @RCamachoVzla @Karinabarbosa @Karinabarbosa @GLEIDYSF @Glencys @yosoycastrillon,
2021-03-23T01:14:36+00:00,@erivasbello @juliocastrom Hay otros m√©dicos que recomiendan la Ivermectina y hasta dexametasona. Ser√≠a maravilloso ese hilo porque hasta en internet hay confusi√≥n al respecto.,
2021-03-22T14:14:18+00:00,"Ya se volver√° a ver de nuevo publicaciones dentro de sus propios contactos ALQUILO BOMBONA DE OXIGENO debido a la falta de camas en las √°reas de hospitalizaci√≥n para los pacientes covid, si usted va a la playa y se contagia despu√©s no se queje",
2021-03-21T17:27:36+00:00,"#ServicioPublico Quien alquila Bombona de Ox√≠geno y se necesita  sondas numero 14,16 o18 para el vecino Luis Enrique Brito en la #IslaDeMargarita cualquier informaci√≥n al 04148413044 #SOLIDARIDAD  @dexcyguedez @BajoLaLupaInfo @RConfidencial @elsoldmargarita @RLOZINSKI",
2021-03-20T23:23:28+00:00,"#ServicioP√∫blico Para paciente con COVID-19 en #Guarenas se requiere con urgencia, en calidad de donaci√≥n, lo siguiente:

‚àö Levofloxacina 500mg ampollas

‚àö Bombona de ox√≠geno

Contacto: Yuviris Coy
0424-1374295 https://t.co/HNhY5ndAQK",
2021-03-20T14:32:52+00:00,"¬øPor qu√© nadie habla de la dexametasona y el uso indiscriminado que la gente, y m√©dicos, le est√°n dando? Aunado a eso la cantidad de m√©dicos que la mandan cuando el paciente apenas presenta fiebre y/o cefalea y sin compromiso pulmonar, y a dosis sumamente elevadas.",
2021-03-20T03:33:04+00:00,@la_iguanatv @drodriven2 Mi amada hija por 2da vez le da covid-19 pero esta vez es m√°s fuerte q la primera vez ya estoy buscando una bombona de ox√≠geno en cuidad Guayana lo hospitale colapsado la cifras de infectado y  fallecido no es la cifra real siento una gran angustia  y un terror q la hospitalince,
2021-03-19T01:15:39+00:00,"Disponible para entrega inmediata. @BuscandoMedicin @BuscoMedicinas 

#Farmacia #farmaciaesencisvital #enoxaparina #clexane #clenox #dexametasona #decobel https://t.co/NHQMJvCyKT",
2021-03-17T13:53:21+00:00,#decobel #Dexametasona #qu√©dateencasa en Farmacia MKB 1508 C.A https://t.co/sMhYaCT8JG,
2021-03-15T12:57:53+00:00,@Fredypm @Fooros @CarpinteroAlejo @IIuminat @AlexRodrilobo @Florencia90102 @Freihei77513885 @Dante27579076 @Jose33076037 @SanchezPinedaA2 @PriscilianoManu @Tropatriunfante @leonardo19741 @Viejis39 @Samurai16157668 @burundango1970 @HUS07777781 @saintmayo1981 @RamadanMezVzla @WilfredoNc @r_taribo @1961Tokio @kris_indignada @Klobo91 @3lS0ld4d0R0j0 @JuanCalosoooooo @OnlineFighterVe @Casanay1910 @Monknk1 @thegreattiger @RiegoPineda @MirafloresEl @antoniovaldez6 @rosdabella @FratriaSpartak @yaruabella @pilarneo58 @tawfi78682819 @jmorchio @ChalecosAmarill @la_lunerita @dpiloncita @benito3fantomas @ThomasBrown2020 @HaIconn @Corsarionegro5 @ArmandoInfo @Urdanet03364722 @indioguerrero50 @PartidoPSUV Eres culpable y c√≥mplice porque callas de las colas en el Per√∫ por una bombona de ox√≠geno es tu culpa mientras habl√°s de forma hist√©rica de Venezuela https://t.co/3sL57xA7Nc,
2021-03-15T11:10:13+00:00,"*Tenemos despacho inmediato de los siguientes medicamentos a toda Ccs:* 
Amlodipina 10Mg
Amlodipina 5mg
Amoxicilina 600mg
Cetirizina 10mg
Ciprofloxacina 500mg
Dexametasona 8mg/2ml amp 
Diatonb (Diosmina) 450mg
Diclofenac pot√°sico 50mg x 30tab
Esomeprazol 40mg
Enalapril 5mg",
2021-03-15T04:50:27+00:00,Necesito una bombona de ox√≠geno https://t.co/euXKPNypwE,
2021-03-10T22:59:36+00:00,"Twitter necesito de tu magia, tengo una amiga hospitalizada con covid en Caracas pero ya su p√≥liza no aguanta m√°s y para darla de alta es necesario ox√≠geno, si me pudieran ayudar a consegu√≠ d√≥nde alquilar una bombona se los agradecer√≠a @Aurylicious @soyluisalamo @negromangueraa",
2021-03-08T22:03:17+00:00,"Calmaron la crisis, el m√©dico nos dijo esto cuando preguntamos que iba a pasar: ""yo les dije a ustedes que esto iba a pasar, y va a seguir pasando pero peor, en un momento la dexametasona no va a hacer nada y bueno tendr√° que fallecer""",
2021-03-08T21:56:00+00:00,"Fu√© dif√≠cil que los m√©dicos nos tomar√°n en cuenta en realidad, de echo mandaron la dexametasona intravenosa, y no explicaron al menos como deb√≠amos hacerlo tuve que llamar, tampoco mandaron tto anticonvulsivo, porque bueno a su criterio no hab√≠a mucho que hacer con mi mam√°.",
2021-03-07T18:51:15+00:00,"@lilimilani @VenezolanaEnVE Yo con mi problema uso: Hidrocortisona,  Dexametasona, Betaduo,  Betagen Solpen,",
2021-03-06T23:13:10+00:00,URGENTE: la se√±ora Rosa Henr√≠quez est√° en el hospital Razetti de Barcelona. Tiene 76 a√±os. Necesita un fluj√≥metro y una bombona de ox√≠geno URGENTE. Est√° en el piso 2 cuarto No. 4. Qui√©nes puedan ayudar llamen a Francisco Velasquez +58 4120861282. DIOS LES PAGUE,
2021-03-04T01:24:54+00:00,@AleCrespoF Con todo respeto el estudio muestra que la mortalidad en pacientes COVID 19 es menor cuando los pacientes se les administra dexametasona con  soporte ventilatorio invasivo y no invasivo. El uso de dexametosana sin uso de soporte ventilatorio se asocio con mayor mortalidad.,
2021-02-16T11:22:15+00:00,"@cerezadorada_41 No he dormido en toda la noche, me parda cada vez que me inyecto una Dexametasona, todo por mi enfermedad ""EPOC""",
2021-02-16T07:22:30+00:00,"Ahora imag√≠nense lo que yo siento cuando veo la gente como si nada amu√±u√±ada, amigos lo que est√°n gastando en curda en tratar de pasarla bien etc etc lo van a gastar en azitromicina, dexametasona, salbutamol, ibuprofeno, loratadina, y rogar que no se compliquen.",
2021-02-15T04:10:35+00:00,Y est√°s ganas locas que cargo ser√° la dexametasona üò≥üò≥,
2021-02-13T18:13:05+00:00,"@jaarreaza Disculpe usted lo que le voy a decir porque merece todo mi respeto. Estoy de acuerdo que ayuden a Brasil, pero nosotros que? Sabe cu√°nto cuesta una bombona de ox√≠geno aqu√≠? Pues 60$ apliquen la ley, no es justo",
2021-02-07T13:08:23+00:00,"@marggiebeens Yo tengo 36 horas sin dormir, cada vez que me infectan Dexametasona para mi problema de EPOC, paso la noche en vela, pero es que no duermo nada, ayer me tuvieron que inyectar, por un exceso de tos y ya estaba pensando que me ten√≠a el viros mortal, no me han dado mas s√≠ntoma.",
2021-02-07T06:08:29+00:00,"La Dexametasona y Amikacina pican es todo lo que iba a decir, sigan en lo suyo",
2021-02-02T10:40:53+00:00,Debe ser indicada la dexametasona en pacientes estadio IIb de la enfermedad por covid-19 es decir al paciente con enfermedad respiratoria moderada caracterizada por neumon√≠a e hipoxia y al que est√° en insuficiencia respiratoria intubado o no https://t.co/v7i2Zy8zaa,
2021-01-28T17:15:08+00:00,"Para el prof #UNET Fernando Gonz√°lez se necesita 
 Remdesivir 100mg
Clexane 80mg
Dexametasona 8mg
N-acetilcisteina 600 mg
 cefmiaxona amp 1gr 
magnesio cap 
zinc 100mg 
vitamina C 1gr 
vitamina D 4000 und, ketoprofeno amp, gulaper jarabe, montelukast tab 100mg",
2021-01-26T20:48:49+00:00,"26Ene
Alcaldesa Nircia Villegas nuevamente apegada a su sensibilidad humana se solidariza con la donaci√≥n d medicamento
En el despacho d la Alcald√≠a d Car√∫pano se otorg√≥ a la ciudadana
Lusmenia Aguilar un tratamiento antigripal contentivo de bromexina acetaminofen y dexametasona https://t.co/kmdud8ysbH",
2021-01-25T18:10:48+00:00,"@la_patilla Hay que vender lo que tengas y a precio de gallina flaca..Carro,moto,nevera,cosinay lo q sea xq una bombona de ox√≠geno por decir algo ,est√° por encima de 50 $..",
2021-01-19T11:50:10+00:00,"@CMonteroOficial Mientras aqu√≠ en Vzla te sacan los ojos por una bombona de ox√≠geno, la corrupci√≥n en este Pa√≠s es horrible.",
2021-01-19T00:00:13+00:00,"En el hospital central de San Crist√≥bal, los familiares de paciente con covit, pagan 35$ por una bombona de ox√≠geno. Liz para fuera y tinieblas para la casa https://t.co/HBJLVtlj4S",
2021-01-12T23:34:34+00:00,"Querido Diario:
Hoy volv√≠ a dar 2 vueltas a la manzana, baje y sub√≠ escaleras, Auxili√≥ siento que me muero y no tengo bombona de oxigeno... ü§™üòîüòã
#DiarioDeUnGordo",
2021-01-12T12:24:41+00:00,@maguzes @OrlandoRPN Si se consider√≥ la dexametasona es porque hay alteraci√≥n en pulsioximetria ( sat entre 92-95%). (Fase IIa). Debe disponer del ox√≠geno suplementario.,
2021-01-10T00:24:38+00:00,Gano Aragua 10-1 a Leones out 27 finalizo.Caracas con bombona de oxigeno.,
2021-01-09T19:15:33+00:00,"#SERVICIOP√öBLICO
Alicia Castro de Carrillo de 87 a√±os recluida en UCI del Hospital Central requiere #URGENTE
Enoxoparina o clexane de 60 mg.  
Dexametasona amp 8mg Cefotaxime amp 1gr. Vancomicina amp 500mg. Vitamina C tab
 Vitamina D tab
 Zinc tab
 Magnesio Tabl
Colchicina tabl",
2021-01-09T18:05:49+00:00,"SERVICIO P√öBLICO Para paciente recluida en UCI del Hospital Central se requiere con URGENCIA

Enoxoparina o clexane de 60 mg.  Dexametasona ampollas de 8mg.   Cefotaxime ampollas de 1gr. Vancomicina ampollas de 500 mg. Vitamina C tabletas
 Vitamina D tabletas
 Zinc tabletas",
2021-01-07T16:49:23+00:00,Dexametasona *,
2021-01-05T22:17:10+00:00,medicamentos de Asmiria Acevedo :  Imepenem 1gr cada 12 horas por 7 d√≠as,
2021-01-05T01:04:55+00:00,La universidad est√° en shock descompensada y sin nadie que intente darle un soporte.   Nadie le presta una bombona de ox√≠geno nadie le pasa un suero por una v√≠a. Ah√≠ est√° tirada hipotensa taquipneica desaturada en espera que dios por fin se la termine de llevar. https://t.co/Lxz7jU3Uku,
2021-01-05T00:11:19+00:00,"#ServicioPublico | Para la periodista Beatriz Rojas se requieren los siguientes medicamentos:
Dexametasona 8mg amp
Ranitidina 150mg pastilla
Aspirina 91 MG 
Atorvastatina 40mg 
Budesonida en inhalador
04144137891",
2020-12-31T16:24:30+00:00,"@SobralLaura Tambi√©n est√°n cobrando casi 400000 pesos por el alquiler de la bombona, la carga de ox√≠geno,los man√≥metros, la mascarilla",
2020-12-30T01:08:44+00:00,"Un m√©dico amigo pregunt√≥ por mi salud y le dije que estaba obstinada de las ampollas diarias de dexametasona que me han inyectado (y las que faltan)
""Es mejor eso que estar intubado"", respondi√≥.
Fue como una cachetada de ubicatex.
Gracias, doctor, en serio.",
2020-12-26T15:20:08+00:00,"Esa bombona de ox√≠geno les permitir√° respirar un rato m√°s, pero nada m√°s porque abandonaron el ejercicio de la pol√≠tica en el interior del pa√≠s, todos afuera cobrando y echando f√≠sico. Pura vana apariencia sin ning√∫n piso pol√≠tico, sin organizaci√≥n ni acci√≥n https://t.co/4CbLldnNdM",
2020-12-23T17:56:09+00:00,@fpachano @LaMoncita Dexametasona quise escribir,
2020-12-19T13:33:30+00:00,Mueren 9 pacientes de una unidad de cuidados intensivos en Turqu√≠a al explotar una bombona de ox√≠geno https://t.co/oCVAiuTi75 #PuebloLealALaPaz @VencedorMRT üáªüá™,
2020-12-19T13:33:18+00:00,Mueren 9 pacientes de una unidad de cuidados intensivos en Turqu√≠a al explotar una bombona de ox√≠geno https://t.co/oCVAiuTi75 #PuebloLealALaPaz @VencedorMRT üáªüá™,
2020-12-19T02:54:25+00:00,"No saben que cada Remdesivir cuesta 300$ y son m√°s de 10. Sin contar el clexane la dexametasona, la N-acetilcisteina el meropenem solo por ah√≠. F√°cil una hospitalizaci√≥n p√∫blica por covid son m√°s de 3mil$. https://t.co/HLDqtY2BkU",
2020-12-13T04:42:20+00:00,"@diago_s @GiuseppeN0c Dos veces me ha dado la gripe china, y sin saber lo juro por Dios en la primera use la dexametasona por qu√© ya la ten√≠a que usar por la alergia y paso muy r√°pido, y la segunda fue m√°s depresi√≥n que un cuadro grave.",
2020-12-12T16:24:15+00:00,"Clotrimazol+Neomicina+Dexametasona Crema (Baycuten)

WhatsApp üì±üëâ https://t.co/A4SkUhKXyj üëç https://t.co/udUH6l5s6y",
2020-12-02T13:22:00+00:00,"El uso prolongado de colirios con esteroides,pueden causar elevaci√≥n en la presi√≥n del ojo
Usted se coloca colirios?
Se automedica?
Revise las gotas que usa: Si tiene dexametasona, prednisona son esteroides que pueden inducir glaucoma, catarata o empeorar su afecci√≥n #oftalmotips https://t.co/dv5RfUfBGp",
2020-11-30T20:47:08+00:00,"@alcaldeledezma Recibi√≥ varias llamadas, Maduro tranquilo que el domingo y el pr√≥ximo de arriba te llega la bombona de ox√≠geno. Osea tus panas ique opositores.",
2020-11-24T12:53:06+00:00,"..."" noticia de la ampliaci√≥n de la flexibilizaci√≥n para el mes de diciembre, expres√≥ que ser√≠a una ¬´bombona de ox√≠geno¬ª para el sector turismo, as√≠ como ¬´oro¬ª para muchos sectores que est√°n cr√≠ticos""
@FedeRadioVe",
2020-11-10T03:15:23+00:00,@tamairycabrera Total. Y nos hartamos de las sapas que se colocan dexametasona y cuando les pica jode y echan paja. Jajajajajajaaa,
2020-11-09T13:36:59+00:00,"Dexametasona en tabletas disponible en #NovaFar

Te esperamos en nuestros #EspaciosNovaFar en üìç Urb. Agua Blanca, Calle 127 #Valencia https://t.co/vQh4lhAvD1",
2020-10-16T22:09:10+00:00,"Es correcto Oiane, en casa tengo a un familiar que tuvo Covid le conseguimos tratamiento con dexametasona en ampollas, azitromicina y paracetamol, adem√°s de guarapos de ramas, malojillo, jengibre... Tom√≥ s√°bila con miel y ya gracias a Dios, adi√≥s Covid https://t.co/N3cUD27CXK",
2020-10-13T21:11:12+00:00,@AntonietaGiron Si se puede pero el beneficio de la dexametasona es en casos severos amiga,
2020-10-10T21:23:11+00:00,"Brad Pitt tendencia. Ya estaba preparando una bombona de ox√≠geno por si acaso. Salud y vida, actorazo.",
2020-10-07T13:27:16+00:00,@CNNEE Yo escuch√© al Dr huerta hasta hoy..y le puedo llamar ignorante.eso solo sucede en tratamientos https://t.co/bdkKuMSVjD una declaraci√≥n por intereses pol√≠ticos. La dexametasona ha salvado a muchos pacientes con https://t.co/GUbpFt9UXy consta,
2020-10-06T00:06:07+00:00,@prioridadvzla Siempre lo he dicho ....ese muchacho no es presidente nada!!!! Es una bombona de ox√≠geno!,
2020-10-03T10:48:08+00:00,@iria_alvarado @cariba_07 En caso para el 12 de agosto la Dra me examino y dijo que cl√≠nicamente ten√≠a Covid ah√≠ me mando antibi√≥ticos 10 dexametasona inhaladores broncodilatador y otros medicamentos porque ya ten√≠a neumon√≠a para el 26 de agosto comenc√© con deficiencia respiratoria y otras 5 dexametasona,
2020-10-03T02:26:19+00:00,"@FerminMery @nelsonbocaranda A mi me colocaron 15 inyecciones de dexametasona y a Dios gracias venc√≠ la neumon√≠a, antibi√≥ticos, broncodilatador aspirina vitamina c, d, zinc a√∫n con tratamiento tengo ya 2 meses",
2020-09-30T19:00:37+00:00,"#ServicioP√∫blico Familiares de Aura de Castillo, de 69 a√±os, con neumon√≠a por Covid-19, solicitan apoyo con medicamentos: Ceftriaxone ampollas 1mg, Dexametasona 8mg endovenoso, Deflazacort oral, 30 mg.Clexane 60mg, subcut√°neo.Remdesivir, 200mg endovenoso. Contacto: 04149218374",
2020-09-19T21:50:54+00:00,"@TheDocRasec Eso es nada, yo he visto recipes de meropenem que luego lo rotan a longacef y levofloxacino. O dexametasona 8mg en pacientes con SatO2 &gt;95%. Es horrible.",
2020-09-17T06:59:09+00:00,"@BelkisRiera Es importante si ya tienes los s√≠ntomas iniciar el tratamiento.... Azitromicina, dexametasona u el ibuprufeno.. Ojala sea leve y mejoresüôã",
2020-09-15T04:33:58+00:00,@GeorgeCatouche No preocuparse pero si ocuparse.. Toma Teragrip y si no se te quita empieza con el tratamiento recomendado... Es importante tomar aspirina y tener a la mano la dexametasona... üôã,
2020-09-14T19:01:12+00:00,"@NOmasCNE Saludos doctor luego de la aplicaci√≥n de la Ivermectina, dexametasona y Ibuprofeno adem√°s de acetaminofen mi mejor√≠a esta muy r√°pida ya hoy he podido respirar con mayor tranquilidad, quiero acotar que esto me est√° dando por segunda vez en menos de 4 meses.",
2020-09-14T18:10:46+00:00,"Excelente periodistaJefe de redacci√≥n deportiva de los diarios El Universal y El Carabobe√±o. Fue gran apoyo en la creaci√≥n del Instituto Municipal del Deporte en Valencia, Indeval, en la d√©cada de los 90. Muy triste que haya muerto por no conseguirse una bombona de ox√≠geno. https://t.co/AavCWsJYPw",
2020-09-14T14:28:09+00:00,"Buenos d√≠as, nuestro viejo amigo y reconocido colega Chich√≠ Hurtado necesita una bombona con ox√≠geno. Env√≠o n√∫mero de la esposa Magaly para que la contacten, y por favor los que sean periodistas publiquen en sus respectivos medios.
+58 414-4264798.",
2020-09-13T02:31:12+00:00,"@HectoRodriguez Y en Santa Teresa del Tuy, muere una joven docente porque en el hospital no hay absolutamente nada. Esta docente falleci√≥ porque en el hospital no hab√≠a una bombona de ox√≠geno y ten√≠a asma. Imag√≠nate el que llega con el covid-19. Que abandono para este pueblo",
2020-09-13T00:22:29+00:00,D√≥nde se  consigue betametasona en Barquisimeto o dexametasona.,
2020-09-12T04:18:54+00:00,"@HaydeeG24742818 @FRAENKELE Richard tom√≥: Antigripal Clorace 1 x 5 ds
Antinflamatorio Ibuprofeno 400 mg c/8 h x 7 ds
Anticoagulante Aspirina 1 d x 15 d Desloratadina 1 dia
Vitami C  1 d x 15 ds
DIFCULTD respirar:
Azitromicina 500 mg 1 dia x3ds
Dexametasona 1 d√≠a x 3 ds
Oiga a su m√©dico.",
2020-09-08T15:46:48+00:00,"@EthikaJeans @maria1908 Ok. Mucho l√≠quido, si tienes dexametasona, tomen para que les dilate las v√≠as respiratorias. Acetaminofen o paracetamol para bajar la temperatura. Infusiones de toronjil, jengibre, calientes.",
2020-09-08T00:31:38+00:00,"@gozappone @DonGochoK Esto es cierto!!! La azitrimicina de 500mg , 1 c√°psula diaria por 5 d√≠as... y una ampolla √∫nica de dexametasona. Y listo, lo dem√°s cuidados normales!!!.",
2020-09-07T15:59:17+00:00,"@omyssalgado Jaja  en estos √∫ltimos tiempos Carlos Morean dec√≠a que cuando le tocaba cantar con Ivo, ten√≠a que tener la bombona de ox√≠geno al lado y una ambulancia por si acaso jeje",
2020-09-07T01:19:52+00:00,"Ma√±ana, Fabianna va a recibir #quimioterapia y gracias a Dios y a Ustedes, pudimos apoyarla con #Dexametasona
.
#voluntariado #lamovidapositiva @movidapositivav #juntospodemoshacermasbien #ActuandoEnPositivo‚Ä¶ https://t.co/Ka6QrbA9GF",
2020-09-05T20:24:31+00:00,Dexametasona con eso https://t.co/vRs7j5tcqS,
2020-09-04T22:56:47+00:00,Necesito un contacto para llenar bombona de ox√≠geno ma√±ana en Caracas üôèüèº agradezco los RT o cualquier informaci√≥n al respecto,
2020-09-03T17:29:23+00:00,"@Cesar23Mejias @claragallo @nelsonbocaranda La pregnosolona es muy buena, pero su accionar es lento y cuando se toma por mas de 3 d√≠as debe bajarse la dosis gradualmente
Recomiendo iniciar con dexametasona",
2020-09-02T18:52:16+00:00,Amigo Bocaranda el estudio RECOVERY llevado a cabo en el Reino Unido demostr√≥ que un esteroide (la dexametasona) disminuye la mortalidad por COVID-19 en pacientes graves. Desde hace varios meses est√° incluido en los esquemas y protocolos  de tratamiento de la OMS. https://t.co/H7tb5Zk3uk,
2020-09-02T18:50:05+00:00,@ndrdiaz Una bombona de ox√≠geno urgente si  alguien sabe es urgenteeeeeeeee,
2020-09-02T18:48:31+00:00,Nuestro hermano jorge felice repito necesita de nuestra ayuda ... una bombona de ox√≠geno 04124445230  por favor,
2020-08-27T21:40:35+00:00,@BEBay25 Le han puesto la dexametasona?,
2020-08-26T21:35:13+00:00,@JAADjournals Mometasona o Dexametasona,
2020-08-26T00:27:00+00:00,"#25agosto #ServicioP√∫blico Para Asdr√∫bal Romero,  paciente de la tercera edad en #Caracas , se necesita #URGENTE una bombona de ox√≠geno. Fue diagnosticado con neumon√≠a y sus niveles de ox√≠geno est√°n muy bajos. Si saben d√≥nde ubicarla, comunic√°rse al 04241503372",
2020-08-25T21:22:54+00:00,"@CanelonDelvalle Dos aspirinas diarias, Azitromicina de 500mg, 1 diaria, inyectar 1 dexametasona diaria 6 bastante te de malojillo con lim√≥n.",
2020-08-18T15:38:27+00:00,"@InvisiblesMuros Amigo @InvisiblesMuros a una familiar en Valencia le detectaron c√°ncer de mama y necesita estos medicamentos en calidad de donaci√≥n: Adriblastina inyect, endoxan amp 1 gr y 500 MG, ondansetron comp inyect, dexametasona inyect y Filgrastim amp 300 mg. Please help me with a RT https://t.co/OfZ95iDwvj",
2020-08-18T01:49:29+00:00,"""Hermano es una bombona de ox√≠geno porque mi pap√° se est√° muriendo "" , le respondi√≥ Adri√°n entre l√°grimas a un polic√≠a que lo par√≥ en una alcabala. #COVID__19 https://t.co/tVAlE6O2No",
2020-08-15T15:35:20+00:00,"@monimargarett Si gracias ayer me inyectaron en las venas, Dexametasona y Aminofilina.",
2020-08-11T02:10:50+00:00,@jerofa123 @millin8150 Pero los esteroides como la betametasona o la dexametasona pueden causar eso???????,
2020-08-07T23:14:22+00:00,"@ManenaMa Si es ""Asm√°tica"" tiene probavilidad de ser AL√âRGICA, portanto la respiraci√≥n es crucial; aplique Dexametasona inyectada y mucha limpieza y ventilaci√≥n donde se encuentra.",
2020-08-07T20:16:55+00:00,@OhFabiolaHalls Yo despu√©s de una inyecci√≥n de Dexametasona que fino de nuevo.,
2020-08-07T08:11:18+00:00,Bella la hora en la que la dexametasona se antojo de causarme taquicardia.,
2020-08-05T13:26:31+00:00,"@KeilynRamirezS @DiegoDaza_ En farmatodo de Tipuro Maturin habia dexametasona en ampollas hace unos d√≠as, no se si aun habraüòîüôèüò™",
2020-08-03T01:58:12+00:00,Disculpe ¬øes m√©dico? Porque aqu√≠ claramente esta llamado a la automedicaci√≥n cuando el tweet inicial de @juliocastrom dice lo contrario... ¬ødexametasona sin un esquema piramidal ajustado?? ¬øIvermectina? ¬øQue opinan @Maybell_N y @Dra_Guaripete ?? https://t.co/0qwgPf6HVg,
2020-08-02T20:33:15+00:00,"Santiago es un beb√© cuyo caso llevan nuestros amigos de @guerrera_sabrin pero estamos para ayudarnos a ayudar, y hoy, le pudimos donar una ampolla de #Dexametasona pero necesita dos ampollas mas, para completar su‚Ä¶ https://t.co/5p56uxk174",
2020-08-02T11:26:27+00:00,"La cura del COVID-19.
Se puede usar 1 de las 3 opciones:
1.Hidroxicloroquina+Acetaminofen+Dexametasona+Loratadina.
2.Claritromicina+Acetaminofen+Dexametasona+Loratadina
3.Azitromicina+Acetaminofen+Dexametasona+Loratadina
¬øCu√°l es el Misterio de la OMS? https://t.co/8H5lCvDswm",
2020-08-02T11:25:45+00:00,"La cura del COVID-19.
Se puede usar 1 de las 3 opciones:
1.Hidroxicloroquina+Acetaminofen+Dexametasona+Loratadina.
2.Claritromicina+Acetaminofen+Dexametasona+Loratadina
3.Azitromicina+Acetaminofen+Dexametasona+Loratadina
¬øCu√°l es el Misterio de la OMS? https://t.co/zYjQeTan0S",
2020-07-30T15:39:24+00:00,@LorenChiq La dexametasona es para mejorar la funci√≥n respiratoria pero como todos los esteroides sube bastante la glucemia entonces es conveniente usar insulina para mantenerlo entre 80 a 180 mg/dL.,
2020-07-30T15:02:23+00:00,En este momento tengo 2 pacientes diab√©ticos con COVID-19 y no lo voy a negar el manejo de la glucemia es complicado. Al respecto deseo puntualizar que casos complicados de COVID-19 deben usar esteroides (dexametasona) y en esa situaci√≥n es mejor manejar a diab√©ticos con insulina,
2020-07-29T20:23:53+00:00,"@EfectoCocuyo Es falso pero lo que contrasta, porque los medicos italianos, lo aplucaron, y si han salvado muchas vidas de pacientes graves. La dexametasona ya ha extendido su uso y beneficios.  La OMS, aspira matar media humanidad junto a los chinos o que",
2020-07-24T09:34:04+00:00,@AquiVeneX @marisa_bell @alexagomez2000 Dexametasona !,
2020-07-22T20:45:26+00:00,@Maybell_N @Dra_Guaripete @palindromica @dcarlosolivares @gaboescvi @rigotordoc @bebanhamilton @IsaubettC @doctormatias @nasirdugum @clausantander @Farmarato @VickyZabaleta @drbrau @Intrepido221BX Jajajaja casualmente para entender la tormenta inflamatoria en #Covid_19 vi hoy un seminario de la @SVMI_Nacional donde explicaba el beneficio del uso M√âDICO (l√©ase bien M√âDICO) de la Dexametasona en las fases II y III de la entidad,
2020-07-20T19:53:22+00:00,"De todas manera, usted tome el te que sugiri√≥ @NicolasMaduro con jengibre y agarre g√°rgaras con lim√≥n y sal. Si tienes cansancio sntiflamatorio, aciclor y dexametasona, mientras llega la prueba. Todos se tiene del te de maduro, pero realmente es bueno. https://t.co/AUdHMJVvIe",
2020-07-19T00:28:03+00:00,@Maybell_N Yo tengo dermatitis at√≥pica y en este momento tengo un crisis muy severa me indicaron dexametasona y no lo consigo est√° escaso ....imagino q esto es la causa,
2020-07-16T00:34:19+00:00,Dexametasona. Sntiflamatorio. Ivermectina. G√°rgaras con lim√≥n y sal https://t.co/8ZAflxqAIm,
2020-07-14T04:24:50+00:00,"@rigotordoc @DesanctisJuan @alexis_garcia27 Todo lo contrario: Dexametasona se inicia ANTES de que la tormenta de Citoquinas agrave al paciente.O sea desde que finaliza la 1¬™ semana,cuando se inicia la fase hiperinflamatoria.Otros protocolos usaban la Metilprednisolona,pero desde el informe Oxford,se prefiere Dexa.Veremos.",
2020-07-13T22:50:39+00:00,"@mayevillanueva No s√© qu√© pasa con el Dir del Hosp Central, pero no se entera de lo que all√≠ pasa o no dice la verdad, mi pap√° esta ah√≠ en aislamiento y su prueba PCR sali√≥ negativa ayer! No lo sacan porque necesita ox√≠geno y no hay bombona de ox√≠geno para usar en piso o en emergencia!",
2020-07-12T18:13:13+00:00,"T√∫ puedes ayudarles con:
Mascarillas tapaboca tipo N95
Batas mangas largas, gorros y guantes desechables
Jeringas. 
Alcohol al 70 %, gel alcoholado, cloro jab√≥n l√≠quido.
Dexametasona ampollas o tabletas.
M√°s que solidaridad, es responsabilidad.
ventelecheria@icloud.com
#lecheria https://t.co/DrH78UPUIs",
2020-07-12T17:22:54+00:00,@mujeresdenegro Difundir hasta encontrar alguien q tenga Dexametasona y pueda donarsela! SOS,
2020-07-12T13:47:33+00:00,@Edunoche El Remdesivir y la dexametasona tienen evidencia cient√≠fica (ensayos cl√≠nicos) que demuestran eficacia,
2020-07-11T19:49:26+00:00,"Reposted from opspaho COVID-19 üëâ ¬øEs la dexametasona un tratamiento para todos los pacientes con #covid_19 ‚ùì

Recuerda, l√°vate las üñêüèºü§öüèæ con agua y jab√≥n.   

Mant√©n el #distanciamientosocial y #quedateencasa üè† en‚Ä¶ https://t.co/G0nTdh6fH3",
2020-07-10T01:25:27+00:00,"@hemlg @raulrivas05 @LucyPN @Icemanlogografo Amigo inhalaciones de eucalipto, nebulizaciones 2 veces al d√≠a, aspirina, ibuprofeno, paracetamol, antial√©rgico, dexametasona, Azitromicina....g√°rgaras  3 veces al d√≠a de agua con sal...tengo covid y ya me est√° pasando me siento s√∫per bien....",
2020-07-07T20:26:37+00:00,"@er_hugo Yo ya lo estoy venciendo tengo ya 17 d√≠as y me siento bastante mejor, ten√≠a la tos seca y con ese te, me inyectaron la semana pasada 2 dexametasona, ayer me colocaron un antial√©rgico inyectado....estoy tomando antial√©rgico, ibuprofeno, me nebulizo con Budecor",
2020-07-01T03:36:30+00:00,@lgdmrey De donde sacar√°n una bombona de oxigeno?,
2020-06-30T02:11:20+00:00,"@CoreasNilly @Bruce_wayne_67 Cu√°les s√≠ntomas tiene tu hijo? Yo llevo diez dias me empez√≥ fiebre no muy alta despu√©s tos, dolor de garganta, lo que me queda es la tos y no tengo olfato ni gusto por las comidas, tome Azitromicina, antial√©rgico, acetaminof√©n y me pusieron una dexametasona.",
2020-06-26T13:26:28+00:00,"@LeanAgostino Coloquele dexametasona, dele aspirina ya!!!",
2020-06-24T13:05:19+00:00,"@cretwt @Tango3OO @Escabiologo @CORHENS @Cherrycream9 @jajoriverol @Krajita @RobertiAlberto @SamuelTugues La Dexametasona NO es para todo el mundo y debe usarse con much√≠simo cuidado seg√∫n sea el caso y el paciente, evaluando el riesgo - beneficio y bajo supervisi√≥n m√©dica.",
2020-06-23T20:02:07+00:00,"La bella Mari√°ngel! Le cambiaron el antibi√≥tico, y gracias a nuestro #teampositivo pudimos apoyarla con Clotrimazol-Neomic-Dexametasona en crema, y consentirla con galletas y chocolate... Por supuesto, conversamos‚Ä¶ https://t.co/ELdep7Bjp7",
2020-06-22T20:58:21+00:00,"#dexametasona es ahora una tendencia en Venezuela

https://t.co/GCzG3cs1WH https://t.co/0rLf428CTz",
2020-06-22T19:47:22+00:00,"#Dexametasona para  Hilary Ramona!  Gracias #teampositivo
Por cierto, ya tenemos el presupuesto de sus estudios... En un rato monto la publicaci√≥n para que nos ayudes a ayudar a Hilary!
.
.
#voluntariado‚Ä¶ https://t.co/RX71OoCoaD",
2020-06-22T16:34:18+00:00,Du√©lale a quien le duela pero el sr. @jguaido termino siendo otra bombona de ox√≠geno m√°s! #Venezuela   üôÑ,
2020-06-22T16:15:00+00:00,Hoy si nuestro l√≠der @NicolasMaduro se re√∫ne con thump le pone una bombona de ox√≠geno a est√©s viejo loco .ni un tantico as√≠ con el imperio https://t.co/vzx0oa1qei,
2020-06-20T18:03:34+00:00,"@IvanDuque @MinSaludCol @Fruizgomez Junto con los ventiladores, entregar tambi√©n Dexametasona, el hallazgo de los brit√°nicos contra el Covid19!",
2020-06-19T23:07:02+00:00,"#complejoB y #Dexametasona para Hilary gracias a nuestro #teampositivo
.
.
#voluntariado #lamovidapositiva @movidapositivav #juntospodemoshacermasbien #ActuandoEnPositivo #Barquisimeto #stopcancer en Barquisimeto -‚Ä¶ https://t.co/wjT6RkoqEI",
2020-06-19T01:35:51+00:00,"Virus chino. Dexametasona, pero para pacientes graves https://t.co/M4XvmB6Bsd",
2020-06-18T14:57:21+00:00,"Me asomo a esta estupenda red con la curiosidad de saber,aparte de las ""milagrosas""hidroxicloroquina y la dexametasona,cual droga salvadora contra el viruschino tiene para degustar hoy la infodemia?",
2020-06-18T03:50:41+00:00,"@CATERINAV Sea,eso est√° muy lejos de ocurrir,lamentablemente.Con la dexametasona se est√°n creando muchas ilusiones.Efectiva en un porcentaje de pacientes en ventilaci√≥n mec√°nica,menos de un 20%.En otros pacientes,nada contundente.",
2020-06-17T14:57:35+00:00,"La #OMS junto con el reino unido celebra un progreso importante con personas con #COVID19 avanzado encontrando el f√°rmaco dexametasona seg√∫n la OMS tiene un valor de 6$
https://t.co/9whaAdTb8P
https://t.co/Iy6ZJCxKOt",
2020-06-17T08:35:08+00:00,@franjogarces @NOmasCNE Dexametasona si hay en Venezuela,
2020-06-17T08:34:05+00:00,@NOmasCNE Y cuando estaba en mi peor d√≠a por el dolor frecuente me aplique la dexametasona una ampolla interdiaria y mi respiraci√≥n mejoro a tal punto que 10 d√≠as ya respiraba con tranquilidad.,
2020-06-17T08:11:06+00:00,"@abc_es Dexametasona NO ES UNA CURA‚ùóÔ∏è Es un antiinflamatorio esteroideo, utilizado para mitigar la gravedad del compromiso ventilatorio, en algunos pacientes enfermos por COVID 19.",
2020-06-17T02:45:13+00:00,"@barbaraalbrich Eso no es https://t.co/Ot7bGMF92n Dexametasona,esteroide de larga data,se usa en ciertos pacientes complicados para tratar de evitar el proceso hiperinflamatorio.O https://t.co/OVhqCNZ3Af hay ni vacunas ni tratamiento desarrollados",
2020-06-17T01:34:17+00:00,"@CATERINAV Me inyectaron dexametasona hace m√°s de 1a√±o para una reacci√≥n al√©rgica fuerte q me di√≥ en la piel.  hace unos 8 meses para el dolor y el colapso nervioso q tuve.. me dec√≠a la farmac√©utica q es una panacea,sirve para muchas cosas,cuando se agotan las opciones est√° la dexametasona",
2020-06-17T00:21:22+00:00,"La dexametasona era barata. No soy m√©dico, pero al ser un antinflamatorio, seguro que algo hace en la posible curaci√≥n https://t.co/akzwQq3pGO",
2020-06-15T12:20:01+00:00,@LFuenmayorToro A lo mejor si se estaba rindiendo pero Uds al lado con su bombona de oxigeno haciendo su trabajo,
2020-06-06T23:28:31+00:00,"üÜò#ServicioPublico üÜò
Jessica tiene un tumor en uno de sus pulmones, ya perdi√≥ el otro necesita urgente alquilar una bombona de ox√≠geno, ayudame ayudarle, gracias

‚úçÔ∏è@yanit81 https://t.co/9l2wpIwa6l",
2020-06-02T11:17:50+00:00,"@missmermelada Totalmente de acuerdo con su planteamiento. Adem√°s, cuando el pueblo en la calle ha tenido a los narcos contra la pared, siempre ha salido la ""oposici√≥n"" a sentarse en una mesa de di√°logo; que no es m√°s que, una bombona de ox√≠geno para la narcotiran√≠a.",
2020-05-31T22:12:23+00:00,"Miren a qui√©n pudimos apoyar con #Dexametasona a Karim, ma√±ana tiene cita para su estudio, no logr√≥ dormirse el viernes... Le dije a su pap√°, lo bueno es que el #teamsabrina @guerrera_sabrin ya pag√≥ el examen y‚Ä¶ https://t.co/KJCi0H2fkv",
2020-05-30T22:46:49+00:00,@Maryna28000 @AprendizdAngel Dexametasona no es un antialergico,
2020-05-29T21:58:05+00:00,"Seguimos apoyando a Karim gracias a nuestro #teampositivo #Dexametasona
.
.
#voluntariado #lamovidapositiva @movidapositivav #juntospodemoshacermasbien #ActuandoEnPositivo #Barquisimeto en Barquisimeto - Edo. Lara https://t.co/gJfN8iAdnc",
2020-05-27T22:45:39+00:00,"Miren qui√©n recibi√≥ su #Dexametasona nuestra guerrera Hilary! Por cierto, su abuela no cree que hice la marquesa, tendr√© que grabar un video del paso a paso para la pr√≥xima üòÇüòÇüòÇ Quedan muy ricas porque las hago con‚Ä¶ https://t.co/RA6w6ZhSyq",
2020-05-23T20:59:05+00:00,"En equipo SIEMPRE podemos hacer mas bien!
.
.
Gracias fundacionalejandraaven Gracias #teampositivo
.
. 
Hilary ingres√≥ hoy para su nuevo ciclo y necesita 5 ampollas de #Dexametasona 8mg/2ml #URGENTE qui√©n nos‚Ä¶ https://t.co/UVcHfvyCTw",
2020-05-21T00:27:24+00:00,"Disponible BOMBONA DE OX√çGENO CON CARRITO Y REGULADOR 
Tenemos todo en insumos m√©dicos 
Somos Supramedic
#bombonadeoxigeno #medicinas #medicos #doctor #enfermeras #enfermera #puertocabello #Venezuela #Valencia‚Ä¶ https://t.co/SPSIU4Ifb9",
2020-05-18T00:10:21+00:00,"Servicio p√∫blico. Para paciente ubicado en Yagua, se requieren los medicamentos Manitol aln10%, 10 ampollas de Dexametasona 8mg, 10 ampollas de Furosemida 20 MG. Informaci√≥n por favor al n√∫mero de contacto 0414-434-5616. https://t.co/O3puu1civD",
2020-05-10T01:47:09+00:00,"Cada d√≠a queda m√°s claro quienes han Sido los verdaderos colaboracionistas del ""R√©gimen"".

Le acaban de dar una bombona de oxigeno como para 365 d√≠as m√°s, mi√© tras el pueblo sufre. https://t.co/Mho5UXIAU8",
2020-05-03T00:06:22+00:00,"@NicolasMaduro 
Se necesita con urgencia  tratamiento en Pastillas para Carlos Jos√© Lugo  paciente con Glioblastoma Multiforme en regi√≥n fronto-parietal derecha. Ayudanos por favor comunicarse con nosotros: 04242594818
Carbamazepina 200mg
Dexametasona 4mg
Sertralina 50mg",
2020-05-03T00:03:02+00:00,"Se necesita con urgencia  tratamiento en Pastillas para Carlos Lugo paciente con Glioblastoma Multiforme en regi√≥n fronto-parietal derecha,  ayudanos por favor comunicarse con nosotros: 
Carbamazepina 200mg
Dexametasona 4mg
Sertralina 50mg Tlf: 04140228248. 04242594818",
2020-05-03T00:00:56+00:00,"@taniapsuv Se necesita con urgencia  tratamiento en Pastillas para Carlos Jos√© Lugo paciente con Glioblastoma Multiforme en regi√≥n fronto-parietal derecha, si est√° en sus posibilidades de ayudarnos por favor comunicarse con nosotros: 
Carbamazepina 200mg
Dexametasona 4mg
Sertralina 50mg",
2020-05-03T00:00:20+00:00,"@VTVcanal8 Se necesita con urgencia  tratamiento en Pastillas para Carlos Jos√© Lugo  paciente con Glioblastoma Multiforme en regi√≥n fronto-parietal derecha, si est√° en sus posibilidades de ayudarnos por favor comunicarse con nosotros: 
Carbamazepina 200mg
Dexametasona 4mg
Sertralina 50mg",
2020-05-02T23:59:52+00:00,"@PartidoPSUV Se necesita con urgencia  tratamiento en Pastillas para Carlos Jos√© Lugo  paciente con Glioblastoma Multiforme en regi√≥n fronto-parietal derecha, si est√° en sus posibilidades de ayudarnos por favor comunicarse con nosotros: 
Carbamazepina 200mg
Dexametasona 4mg
Sertralina 50mg",
2020-05-02T23:58:57+00:00,"Se necesita con urgencia  tratamiento en Pastillas para Carlos Jos√© Lugo,paciente con Glioblastoma Multiforme regi√≥n fronto-parietal derecha,  ayudanos por favor comunicarse con nosotros: 
Carbamazepina 200mg
Dexametasona 4mg
Sertralina 50mg  Tlf:04242594818 04140228248",
2020-05-02T23:56:11+00:00,"@vladimirpadrino Se necesita con urgencia  tratamiento  Carlos Lugo paciente con Glioblastoma Multiforme en regi√≥n fronto-parietal derecha, si est√° en sus posibilidades de ayudarnos por favor 
Carbamazepina 200mg
Dexametasona 4mg
Sertralina 50mg                         04242594818 y 04140228248",
2020-04-19T15:56:02+00:00,"#ServicioP√∫blico #URGENTE #Guayana 

Paciente con insuficiencia respiratoria necesita recargar bombona de ox√≠geno medicinal.

Contacto:
0414-4107859

#PuertoOrdaz #SanF√©lix",
2020-04-19T14:14:56+00:00,"@DolarToday No sean tan anormales y sadicos ,eso est√° como la persona que le falta ox√≠geno ,le tienes una bombona de ox√≠geno y le tienes una cuerda em el cuello",
2020-04-17T16:57:42+00:00,"Para paciente oncol√≥gico se necesita  Ciclofosfamida 1 gr. 2 ampollas.
ciclofosfamida 500 mg. 2 amp
Etoposido 100 mg. 6 amp
Oondesantron 50mg. 2 amp
dexametasona 8mg. 2 amp
Ranitidina 2 amp
Prednisona 5mg. tab
 Favor comunicarse al 04121002418  /  04126424746 
#T√°chira",
2020-04-16T21:11:57+00:00,"Recuerdan a Fernandita? Su pap√° le don√≥ #Dexametasona a nuestro guerrero Alexander... Buenas noticias... Ya no est√° en incubadora!
.
.
Pudimos llevarle ropa y pa√±ales, gracias a nuestro #teampositivo
.
.
Sigamos‚Ä¶ https://t.co/L9NJUllLjM",
2020-04-14T23:10:08+00:00,"Mi abuela (96 a) con EPOC bastante avanzado, necesitamos un concentrador de oxigeno y una bombona (por las fallas el√©ctricas), tambi√©n un colch√≥n antiescaras.
Ella se recuper√≥ hace un a√±o de cirug√≠a de f√©mur y ha dado la batalla pero esto es cr√≥nico @MamaLisVzla @alexagomez2000",
2020-04-14T03:49:26+00:00,En la farmacia que est√° frente a Paga Poco en los plataneros hay Dexametasona. Compr√© hace dos d√≠as https://t.co/DHMUKtsVhI,
2020-04-11T23:40:05+00:00,"Desliza para conocer qui√©n le don√≥ #Dexametasona a nuestro guerrero Alex!
.
.
Fernandita est√° hospitalizada en el Pedi√°trico y le qued√≥ esa ampolla de su tratamiento, su pap√° no dud√≥ en apoyar a Alex! Mil gracias y‚Ä¶ https://t.co/kixp1pDgOK",
2020-04-10T21:52:52+00:00,Gracias a nuestro #teampositivo y a nuestros amigos de @guerrera_sabrin nuestro guerrero Alex tiene sus ampollas de #omeprazol a√∫n necesita 10 ampollas de #Dexametasona de 8 mg Ay√∫danos a ayudar a Alex!‚Ä¶ https://t.co/sqCrRfxvRM,
2020-04-08T16:58:49+00:00,"Gracias a un √°ngel #teampositivo y a nuestros amigos de @fancalara pudimos entregar #Dexametasona a nuestra bella guerrera Mari√°ngel!
.
.
Se encuentra recibiendo su #quimio as√≠ que necesitamos mucha oraci√≥n por su‚Ä¶ https://t.co/Z0XSujAnQi",
2020-04-08T00:31:38+00:00,"El mundo no se detiene pacientes y familiares siguen necesitando de nuestra ayuda. 

Hoy gracias al apoyo de nuestros hermanos de @ciclistasurbanoscarabobo logramos atender de manera oportuna el llenado de una bombona de ox√≠geno para una paciente en el sector de la Isabelica. https://t.co/AlHVMXoro7",
2020-04-07T23:07:03+00:00,"Nuestra bella guerrera Mari√°ngel tiene sus ampollas de #eritroproyectina completas! Gracias ibelicecolina99 de manosdelcorazonvzla  y a nuestro #teampositivo
.
.
Le llevamos #Dexametasona gracias a nuestro‚Ä¶ https://t.co/95qbyJuUPE",
2020-04-06T17:07:30+00:00,una gota de gasolina para ir hasta all√°. No consigo como recargarle la bombona de ox√≠geno. Mi pap√° atrapado en Colombia sin poder regresarse si exponer su vida en el intento. Aparte nos llaman q mi suegra se cay√≥ y no tenemos ni un puto Bol√≠var para llevarla a un medico,
2020-03-27T20:44:29+00:00,"Gracias a Rosa de nuestro #teampositivo pudimos donar #Dexametasona a nuestra guerrera Samantha!
.
. Revisa en tu casa, seguramente, tienes medicinas que puedas donar! Ay√∫danos a hacer mas bien!
.
.
#voluntariado‚Ä¶ https://t.co/pLxrbJX0wL",
2020-03-26T11:35:36+00:00,"@dcabellodor Buenas tardes camarada, como se puede ayudar a una se√±ora que requiere ox√≠geno y no a podido recargar la bombona debido a la contingencia del covit 19, ella esta ubicada en el Urbanismo opppe49 esquina de bucare municipio bolivariano Libertador, es urgente.",
2020-03-26T02:57:50+00:00,"@NicolasMaduro Buenas tardes camarada, como se puede ayudar a una se√±ora que requiere ox√≠geno y no a podido recargar la bombona debido a la contingencia del covit 19, ella esta ubicada en el Urbanismo opppe49 esquina de bucare municipio bolivariano Libertador, es urgente.",
2020-03-26T02:33:50+00:00,@frasancti @Juliococo No existe bombona de ox√≠geno cuando el paciente est√° muerto.,
2020-03-25T17:18:58+00:00,"@drodriven2 

Buenas tardes camarada, como se puede ayudar a una se√±ora que requiere ox√≠geno y no a podido recargar la bombona debido a la contingencia del covit 19, ella esta ubicada en el Urbanismo opppe49 esquina de bucare municipio bolivariano Libertador.",
2020-03-17T20:46:32+00:00,"@CarlosAranaSan @AnaGabyM07 Trump debe prohibir al FMI hacer pr√©stamo al tirano Maduro, ser√≠a una bombona de ox√≠geno para mantenerse en el poder.",
2021-05-07T19:17:29+00:00,,"@FarmaciaAhinoa Buenas tardes. Por favor me puede indicar si tienen disponible:

Todex en ung√ºento o Dexametasona oft√°lmica en ung√ºento?"
2021-05-05T22:41:11+00:00,,Capriles se erige como la gran bombona de ox√≠geno de usurpador genocida.
